sha256	bytes	path
949b60af2eb7f68116897d8d8815aa353740e43463d818232525aad33b131ea0	4506	cargo/gold/round-69/GOLD-BASELINE.md
5140bece7a4da47203c099ed636972d8495c771edb29fe3073ef3eb5888473eb	221	cargo/gold/round-69/assemble-named-pages.sh
77585a8a31e0148f1c4656e8b74d2233860936753f1fa9f66453542d35b68e07	7438	cargo/gold/round-69/assemble-pages.py
113ed1ce42a458b8b4242ad2bfc2e26ff18c787dba22bb147cb4e78b3a6fb03d	1229	cargo/gold/round-69/assemble-test.sh
3fdc8e0b0862a6066fc12c25e19eae20288806d692c9fd508efd357343977de7	1276	cargo/gold/round-69/compose-css-bundle.sh
47483aee845241840d0e1cf4f0ba4503204e89ac133214ed9213ef12e55fc0ca	7817	cargo/gold/round-69/home-extras.html
1ae777474e707cd1af707b17cb8b6c1f3ddbd902e75537f357b65989fe8a21e5	52811	cargo/gold/round-69/home.template.html
2f99059b7209c63f7390947072be1f1044cbc7f5ead48cc91014c0263f65f3c1	32696	cargo/gold/round-69/panel.js
48894f085c588618f509308d3dee1ee6066a3b4f280bd0ebf2598a4ff98f7ed1	57	cargo/gold/round-69/shared-compact-nav.html
64359601241330c541b1bb4c258797c540e0121cc448ead6863b9ef0de15a624	62	cargo/gold/round-69/shared-desktop-clock.html
489741ab31a2673e85c0f4a6cbe5f017c0cc4ebdbe23611b55c5d51fb009f76b	132	cargo/gold/round-69/shared-desktop-nav.html
dbf6cb8d87f7ba7cbe1014520032bfcaab3943da73fd090ed2003e35bd1c9ecb	15723	cargo/gold/round-69/shared-early-init.html
52cfd5006a9a1735de4a117617370e08617a33a9b46c2579c66a63a51eaed055	583	cargo/gold/round-69/shared-mobile-header.html
0f5ab94a8b59380ded80de9931af08d9072396a24411038254d6f245ba453361	331	cargo/gold/round-69/shared-nav-items.html
ce5715dbb396024b2df081265afa0d949fb118b51382790ebae237c027946bc9	2683	cargo/gold/round-69/shared-panel.html
3dd9eb35e887dca145adac0d796d629ff3894fdaba7ee444c2e15373fcfdb204	1310	cargo/gold/round-69/site-head.html
9f9ced7d17226f4c9d935b7451c991be85a26edf6598344b0ea1aac39406c809	63809	cargo/gold/round-69/site.css
4a94d054f17401dca726cc727bbf9169b273469e92c602241cb70a52e7be05e5	189370	cargo/gold/round-69/test.html
a277d3960405266d1ae9e4ec3c4e4f2e710c72cdfe308ac15fe205d87ca5d319	12333	cargo/gold/round-69/tokens.css
728bfa48c891af160db3b18c12a39d95f59f10fab459f947d27a609016cc1f00	5167	cargo/gold/round-69/validate-cargo-payload.sh
440ae89cc0dd3ee9e3e37feb68efc9e82f395a896e6872bbec4637867cb85114	5127	cargo/gold/round-69/validate-shared-components.py
9381c0b43609511f4f56426984a4ccfa6c04082b0d7db097c4cf7f754bfe3b0d	1891	cargo/gold/round-69/validate-test-mirrors.py
170829b95a9fe9ca494763d415970f6d5535981585d0878342b0ab2601aa6785	319	cargo/gold/round-69/who-intro.html
f0cd9661e15dd93cf76715ec94dad5f28cab40420d35d6752c110b3714e3ffe3	132399	cargo/gold/round-69/who-test.html
1eb7e7aa4e3ae37ac2da9793f63e52b76e8d3bb92f60b0dd0b9b523a3f2c0e21	3040	cargo/gold/round-69/who.template.html
0609ee2eddea37b53c484a62e6445e534314fc8a5ad3a3db9311d42158e9dc31	131842	cargo/gold/round-69/write-test.html
74c9df8b3681212ff0979891647c7c5793b4de2ee18729e25b5869a17cd3f5e0	3075	cargo/gold/round-69/write.template.html
