sha256	bytes	git_object	mode	path
949b60af2eb7f68116897d8d8815aa353740e43463d818232525aad33b131ea0	4506	599cd0e49793611a8a47bc5e601eebf74577a3ec	100644	cargo/GOLD-BASELINE.md
5140bece7a4da47203c099ed636972d8495c771edb29fe3073ef3eb5888473eb	221	e8130c6965495a1fa3cc647a336d58dad21cb0be	100755	cargo/assemble-named-pages.sh
77585a8a31e0148f1c4656e8b74d2233860936753f1fa9f66453542d35b68e07	7438	46c47faf15c88242ded87fe3c6b322bda43ced6c	100644	cargo/assemble-pages.py
113ed1ce42a458b8b4242ad2bfc2e26ff18c787dba22bb147cb4e78b3a6fb03d	1229	df5fa731cc14725b4da7d5297cdc324b435c4807	100755	cargo/assemble-test.sh
3fdc8e0b0862a6066fc12c25e19eae20288806d692c9fd508efd357343977de7	1276	e0d6bc58279c134c43b246729e3582a4d1de7786	100755	cargo/compose-css-bundle.sh
47483aee845241840d0e1cf4f0ba4503204e89ac133214ed9213ef12e55fc0ca	7817	12e91162d0b308b73d1ed219e69487e286e579e2	100644	cargo/home-extras.html
1ae777474e707cd1af707b17cb8b6c1f3ddbd902e75537f357b65989fe8a21e5	52811	dc1605347855959a93b005c75d12a36dfebcc7f7	100644	cargo/home.template.html
2f99059b7209c63f7390947072be1f1044cbc7f5ead48cc91014c0263f65f3c1	32696	2b055088b05b8ba01bbd9df4d16ac15c6f8fdbaa	100644	cargo/panel.js
48894f085c588618f509308d3dee1ee6066a3b4f280bd0ebf2598a4ff98f7ed1	57	f9819c1118cfa9345489b4ca5434247baff46d57	100644	cargo/shared-compact-nav.html
64359601241330c541b1bb4c258797c540e0121cc448ead6863b9ef0de15a624	62	1aab6821c0d2d018811e33d4df20e183417a9ff5	100644	cargo/shared-desktop-clock.html
489741ab31a2673e85c0f4a6cbe5f017c0cc4ebdbe23611b55c5d51fb009f76b	132	a2ac8a89d931d3a4b203c162ce6c1898c93e5984	100644	cargo/shared-desktop-nav.html
dbf6cb8d87f7ba7cbe1014520032bfcaab3943da73fd090ed2003e35bd1c9ecb	15723	6d06ebce9fd075f9a9dacf8bcb66e096d5b9a30b	100644	cargo/shared-early-init.html
52cfd5006a9a1735de4a117617370e08617a33a9b46c2579c66a63a51eaed055	583	8b328127cb574888781c3aa63e31f0e691e0f2e3	100644	cargo/shared-mobile-header.html
0f5ab94a8b59380ded80de9931af08d9072396a24411038254d6f245ba453361	331	a52ab02547a042f5053504b65f1571af5eb7f075	100644	cargo/shared-nav-items.html
ce5715dbb396024b2df081265afa0d949fb118b51382790ebae237c027946bc9	2683	4860a491e5dca93da3c548e8e408bc0c4cddc100	100644	cargo/shared-panel.html
3dd9eb35e887dca145adac0d796d629ff3894fdaba7ee444c2e15373fcfdb204	1310	cfa43e10480a767d13e8817d9a4af01091a70038	100644	cargo/site-head.html
9f9ced7d17226f4c9d935b7451c991be85a26edf6598344b0ea1aac39406c809	63809	226cf53b142e91da57d8153a402479c2fc8d5077	100644	cargo/site.css
4a94d054f17401dca726cc727bbf9169b273469e92c602241cb70a52e7be05e5	189370	a53f5701555a68d2c9df15d5bfac8706126cbe42	100644	cargo/test.html
a277d3960405266d1ae9e4ec3c4e4f2e710c72cdfe308ac15fe205d87ca5d319	12333	341e10c7afbd299c812272387f7e21e424a4ed41	100644	cargo/tokens.css
728bfa48c891af160db3b18c12a39d95f59f10fab459f947d27a609016cc1f00	5167	342c6623332f56b76d8259227be2ad6f8fd5e44d	100755	cargo/validate-cargo-payload.sh
440ae89cc0dd3ee9e3e37feb68efc9e82f395a896e6872bbec4637867cb85114	5127	e1df009559027e3446023675ae6db10799229bcf	100644	cargo/validate-shared-components.py
9381c0b43609511f4f56426984a4ccfa6c04082b0d7db097c4cf7f754bfe3b0d	1891	e787b5c2921c785ce0549f8000d1ddb77ec5c37a	100644	cargo/validate-test-mirrors.py
170829b95a9fe9ca494763d415970f6d5535981585d0878342b0ab2601aa6785	319	47cc2c9d727548d540ef7bbac6c65f4a5ef2cdd6	100644	cargo/who-intro.html
f0cd9661e15dd93cf76715ec94dad5f28cab40420d35d6752c110b3714e3ffe3	132399	fd22e0f7ff852f2ea5b672e7bb48edaf7e5917c3	100644	cargo/who-test.html
1eb7e7aa4e3ae37ac2da9793f63e52b76e8d3bb92f60b0dd0b9b523a3f2c0e21	3040	25c6d639f96ec59059f574a2eabce4ca66507b21	100644	cargo/who.template.html
0609ee2eddea37b53c484a62e6445e534314fc8a5ad3a3db9311d42158e9dc31	131842	3952523c9da13dc2a666ca54865b4b2c2b204547	100644	cargo/write-test.html
74c9df8b3681212ff0979891647c7c5793b4de2ee18729e25b5869a17cd3f5e0	3075	3d0ef6bedc10b55ceb0b0dc60edb6c019106b864	100644	cargo/write.template.html
67576c9f1e73850fcf00c679884d48cec43d048d9fed8ae03a784059462cc196	935	2bd828b09458164133aa4fed561ccb314f88f34d	100644	docs/versioning/ROUND-69-SCOPE.md
