page	kind	tag	attribute	url	host	freight_id	filename	variant
home	embed	iframe	data-src	https://freight.cargo.site/m/E3031754669080377521238157342521/touchbaes-sticker-game-v10.html	freight.cargo.site	E3031754669080377521238157342521	touchbaes-sticker-game-v10.html	embed
home	embed	iframe	data-src	https://freight.cargo.site/m/U3034412351395654863674388559673/montran-booklet-direct-pdf-v17.html?pdf=https%3A%2F%2Ffreight.cargo.site%2Ft%2Foriginal%2Fi%2FP3028590574867085520722012452665%2Fmontran_sustainability-report_2025_v4-web.pdf	freight.cargo.site	U3034412351395654863674388559673	montran-booklet-direct-pdf-v17.html	embed
home	embed	iframe	data-src	https://freight.cargo.site/m/Z3031274916472238420423367767865/coffee-cup-bundle.html	freight.cargo.site	Z3031274916472238420423367767865	coffee-cup-bundle.html	embed
home	image	iframe	data-poster	https://freight.cargo.site/t/original/i/F3031232775678612026122211735353/v7-cup-poster.png	freight.cargo.site	F3031232775678612026122211735353	v7-cup-poster.png	original
home	image	img	src	https://freight.cargo.site/t/original/i/K3028244189709842145940907538233/dg-image2.gif	freight.cargo.site	K3028244189709842145940907538233	dg-image2.gif	original
home	image	img	src	https://freight.cargo.site/t/original/i/M3028243870784083855576469649209/wtw-image6.gif	freight.cargo.site	M3028243870784083855576469649209	wtw-image6.gif	original
home	image	img	src	https://freight.cargo.site/t/original/i/X3028243859623803690982190921529/wtw-image1.gif	freight.cargo.site	X3028243859623803690982190921529	wtw-image1.gif	original
home	image	img	src	https://freight.cargo.site/w/1000/q/85/i/M3025118651718868136485848659769/mandy-tee.jpg	freight.cargo.site	M3025118651718868136485848659769	mandy-tee.jpg	transformed
home	image	img	src	https://freight.cargo.site/w/1008/q/85/i/J3027050938125560435919628580665/curate-hf.jpg	freight.cargo.site	J3027050938125560435919628580665	curate-hf.jpg	transformed
home	image	img	src	https://freight.cargo.site/w/1046/q/85/i/L3027050213316092291723926484793/kelly-sgc30-5.jpg	freight.cargo.site	L3027050213316092291723926484793	kelly-sgc30-5.jpg	transformed
home	image	img	src	https://freight.cargo.site/w/1046/q/85/i/L3027050230656031721010905003833/kelly-sgc30-1.jpg	freight.cargo.site	L3027050230656031721010905003833	kelly-sgc30-1.jpg	transformed
home	image	img	src	https://freight.cargo.site/w/1046/q/85/i/N3027049860337644441291656312633/kelly-sgc30-6.jpg	freight.cargo.site	N3027049860337644441291656312633	kelly-sgc30-6.jpg	transformed
home	image	img	src	https://freight.cargo.site/w/1046/q/85/i/R3027049892102937736219504195385/kelly-sgc30-3.jpg	freight.cargo.site	R3027049892102937736219504195385	kelly-sgc30-3.jpg	transformed
home	image	img	src	https://freight.cargo.site/w/1088/q/85/i/K3028247312208658246830419130169/dg-cover.jpg	freight.cargo.site	K3028247312208658246830419130169	dg-cover.jpg	transformed
home	image	img	src	https://freight.cargo.site/w/1088/q/85/i/Q3028246916120169496138926831417/purelove-2.jpg	freight.cargo.site	Q3028246916120169496138926831417	purelove-2.jpg	transformed
home	image	img	src	https://freight.cargo.site/w/1122/q/90/i/A3029359532632673420314638071609/v7-sequence-6-retina.jpg	freight.cargo.site	A3029359532632673420314638071609	v7-sequence-6-retina.jpg	transformed
home	image	img	src	https://freight.cargo.site/w/1157/q/85/i/U3026333005972541800612566185785/loop-image-2-v2.jpg	freight.cargo.site	U3026333005972541800612566185785	loop-image-2-v2.jpg	transformed
home	image	img	src	https://freight.cargo.site/w/1240/q/85/i/E3025118669852017560942337898297/mandy-photo-2.jpg	freight.cargo.site	E3025118669852017560942337898297	mandy-photo-2.jpg	transformed
home	image	img	src	https://freight.cargo.site/w/1254/q/85/i/I3028246618297486426098215991097/purelove-1.jpg	freight.cargo.site	I3028246618297486426098215991097	purelove-1.jpg	transformed
home	image	img	src	https://freight.cargo.site/w/1374/q/90/i/K3029442176001478510919090222905/loop-sequence-last-retina.jpg	freight.cargo.site	K3029442176001478510919090222905	loop-sequence-last-retina.jpg	transformed
home	image	img	src	https://freight.cargo.site/w/1494/q/85/i/C3028244178623348957641467017017/wtw-lanyard.png	freight.cargo.site	C3028244178623348957641467017017	wtw-lanyard.png	transformed
home	image	img	src	https://freight.cargo.site/w/1530/q/85/i/H3025362994634537346592378763065/loop-cover.jpg	freight.cargo.site	H3025362994634537346592378763065	loop-cover.jpg	transformed
home	image	img	src	https://freight.cargo.site/w/1746/q/85/i/S3028289855602474049842539181881/purelove-4-v2.png	freight.cargo.site	S3028289855602474049842539181881	purelove-4-v2.png	transformed
home	image	img	src	https://freight.cargo.site/w/1788/q/85/i/A3028247346261347806898251413305/dg-image4.jpg	freight.cargo.site	A3028247346261347806898251413305	dg-image4.jpg	transformed
home	image	img	src	https://freight.cargo.site/w/2200/q/90/i/K3029359532521992955872380761913/curate-last-retina.jpg	freight.cargo.site	K3029359532521992955872380761913	curate-last-retina.jpg	transformed
home	image	img	src	https://freight.cargo.site/w/2400/q/90/i/Y3029359532614226676240928519993/touchbaes-last-retina.jpg	freight.cargo.site	Y3029359532614226676240928519993	touchbaes-last-retina.jpg	transformed
home	image	img	src	https://freight.cargo.site/w/2782/q/90/i/M3029359532595779932167218968377/montran-last-retina.jpg	freight.cargo.site	M3029359532595779932167218968377	montran-last-retina.jpg	transformed
home	image	img	src	https://freight.cargo.site/w/2800/q/90/i/X3029359532558886444019799865145/eviive-sequence-6-retina.jpg	freight.cargo.site	X3029359532558886444019799865145	eviive-sequence-6-retina.jpg	transformed
home	image	img	src	https://freight.cargo.site/w/3200/q/90/i/H3029359532577333188093509416761/map-generator-retina.png	freight.cargo.site	H3029359532577333188093509416761	map-generator-retina.png	transformed
home	image	img	src	https://freight.cargo.site/w/3200/q/90/i/J3029442176019925254992799774521/montran-sequence-2-retina.jpg	freight.cargo.site	J3029442176019925254992799774521	montran-sequence-2-retina.jpg	transformed
home	image	img	src	https://freight.cargo.site/w/3600/q/90/i/T3029359532540439699946090313529/eviive-sequence-3-retina.jpg	freight.cargo.site	T3029359532540439699946090313529	eviive-sequence-3-retina.jpg	transformed
home	image	img	src	https://freight.cargo.site/w/525/q/85/i/Q3028246600809973044221561059129/touchbaes-sticker-v2.png	freight.cargo.site	Q3028246600809973044221561059129	touchbaes-sticker-v2.png	transformed
home	image	img	src	https://freight.cargo.site/w/680/q/85/i/R3025118182046317275766954964793/v7-postcard.jpg	freight.cargo.site	R3025118182046317275766954964793	v7-postcard.jpg	transformed
home	image	img	src	https://freight.cargo.site/w/700/q/85/i/G3025118686970596061344801797945/mandy-ig.jpg	freight.cargo.site	G3025118686970596061344801797945	mandy-ig.jpg	transformed
home	image	img	src	https://freight.cargo.site/w/703/q/85/i/I3025317449180697499940409620281/mandy-mewmew-v4.png	freight.cargo.site	I3025317449180697499940409620281	mandy-mewmew-v4.png	transformed
home	image	img	src	https://freight.cargo.site/w/752/q/85/i/A3025291300404464182587126495033/mandy-photo1-fix.jpg	freight.cargo.site	A3025291300404464182587126495033	mandy-photo1-fix.jpg	transformed
home	image	img	src	https://freight.cargo.site/w/752/q/85/i/Z3028481505928652286752455178041/curate-image2-v2.jpg	freight.cargo.site	Z3028481505928652286752455178041	curate-image2-v2.jpg	transformed
home	image	img	src	https://freight.cargo.site/w/822/q/85/i/R3028483060048393752708469274425/dg-image3-v2.jpg	freight.cargo.site	R3028483060048393752708469274425	dg-image3-v2.jpg	transformed
home	image	img	src	https://freight.cargo.site/w/840/q/85/i/J3022057905776630719280532993849/touchbaes-booking.jpg	freight.cargo.site	J3022057905776630719280532993849	touchbaes-booking.jpg	transformed
home	image	img	src	https://freight.cargo.site/w/880/q/85/i/G3028246944196113976324864390969/purelove-3.jpg	freight.cargo.site	G3028246944196113976324864390969	purelove-3.jpg	transformed
home	image	img	src	https://freight.cargo.site/w/886/q/85/i/J3028246254011184458481990678329/eviive-4.jpg	freight.cargo.site	J3028246254011184458481990678329	eviive-4.jpg	transformed
home	image	img	src	https://freight.cargo.site/w/952/q/85/i/L3027048668493509838917526402873/anyday-image6.jpg	freight.cargo.site	L3027048668493509838917526402873	anyday-image6.jpg	transformed
home	image	img	srcset	https://freight.cargo.site/w/1000/q/85/i/M3025118651718868136485848659769/mandy-tee.jpg	freight.cargo.site	M3025118651718868136485848659769	mandy-tee.jpg	transformed
home	image	img	srcset	https://freight.cargo.site/w/1008/q/85/i/J3027050938125560435919628580665/curate-hf.jpg	freight.cargo.site	J3027050938125560435919628580665	curate-hf.jpg	transformed
home	image	img	srcset	https://freight.cargo.site/w/1046/q/85/i/L3027050213316092291723926484793/kelly-sgc30-5.jpg	freight.cargo.site	L3027050213316092291723926484793	kelly-sgc30-5.jpg	transformed
home	image	img	srcset	https://freight.cargo.site/w/1046/q/85/i/L3027050230656031721010905003833/kelly-sgc30-1.jpg	freight.cargo.site	L3027050230656031721010905003833	kelly-sgc30-1.jpg	transformed
home	image	img	srcset	https://freight.cargo.site/w/1046/q/85/i/N3027049860337644441291656312633/kelly-sgc30-6.jpg	freight.cargo.site	N3027049860337644441291656312633	kelly-sgc30-6.jpg	transformed
home	image	img	srcset	https://freight.cargo.site/w/1046/q/85/i/R3027049892102937736219504195385/kelly-sgc30-3.jpg	freight.cargo.site	R3027049892102937736219504195385	kelly-sgc30-3.jpg	transformed
home	image	img	srcset	https://freight.cargo.site/w/1088/q/85/i/K3028247312208658246830419130169/dg-cover.jpg	freight.cargo.site	K3028247312208658246830419130169	dg-cover.jpg	transformed
home	image	img	srcset	https://freight.cargo.site/w/1088/q/85/i/Q3028246916120169496138926831417/purelove-2.jpg	freight.cargo.site	Q3028246916120169496138926831417	purelove-2.jpg	transformed
home	image	img	srcset	https://freight.cargo.site/w/1122/q/90/i/A3029359532632673420314638071609/v7-sequence-6-retina.jpg	freight.cargo.site	A3029359532632673420314638071609	v7-sequence-6-retina.jpg	transformed
home	image	img	srcset	https://freight.cargo.site/w/1157/q/85/i/U3026333005972541800612566185785/loop-image-2-v2.jpg	freight.cargo.site	U3026333005972541800612566185785	loop-image-2-v2.jpg	transformed
home	image	img	srcset	https://freight.cargo.site/w/1240/q/85/i/E3025118669852017560942337898297/mandy-photo-2.jpg	freight.cargo.site	E3025118669852017560942337898297	mandy-photo-2.jpg	transformed
home	image	img	srcset	https://freight.cargo.site/w/1254/q/85/i/I3028246618297486426098215991097/purelove-1.jpg	freight.cargo.site	I3028246618297486426098215991097	purelove-1.jpg	transformed
home	image	img	srcset	https://freight.cargo.site/w/1374/q/90/i/K3029442176001478510919090222905/loop-sequence-last-retina.jpg	freight.cargo.site	K3029442176001478510919090222905	loop-sequence-last-retina.jpg	transformed
home	image	img	srcset	https://freight.cargo.site/w/1494/q/85/i/C3028244178623348957641467017017/wtw-lanyard.png	freight.cargo.site	C3028244178623348957641467017017	wtw-lanyard.png	transformed
home	image	img	srcset	https://freight.cargo.site/w/1530/q/85/i/H3025362994634537346592378763065/loop-cover.jpg	freight.cargo.site	H3025362994634537346592378763065	loop-cover.jpg	transformed
home	image	img	srcset	https://freight.cargo.site/w/1746/q/85/i/S3028289855602474049842539181881/purelove-4-v2.png	freight.cargo.site	S3028289855602474049842539181881	purelove-4-v2.png	transformed
home	image	img	srcset	https://freight.cargo.site/w/1788/q/85/i/A3028247346261347806898251413305/dg-image4.jpg	freight.cargo.site	A3028247346261347806898251413305	dg-image4.jpg	transformed
home	image	img	srcset	https://freight.cargo.site/w/1800/q/90/i/H3029359532577333188093509416761/map-generator-retina.png	freight.cargo.site	H3029359532577333188093509416761	map-generator-retina.png	transformed
home	image	img	srcset	https://freight.cargo.site/w/1800/q/90/i/J3029442176019925254992799774521/montran-sequence-2-retina.jpg	freight.cargo.site	J3029442176019925254992799774521	montran-sequence-2-retina.jpg	transformed
home	image	img	srcset	https://freight.cargo.site/w/1800/q/90/i/K3029359532521992955872380761913/curate-last-retina.jpg	freight.cargo.site	K3029359532521992955872380761913	curate-last-retina.jpg	transformed
home	image	img	srcset	https://freight.cargo.site/w/1800/q/90/i/M3029359532595779932167218968377/montran-last-retina.jpg	freight.cargo.site	M3029359532595779932167218968377	montran-last-retina.jpg	transformed
home	image	img	srcset	https://freight.cargo.site/w/1800/q/90/i/T3029359532540439699946090313529/eviive-sequence-3-retina.jpg	freight.cargo.site	T3029359532540439699946090313529	eviive-sequence-3-retina.jpg	transformed
home	image	img	srcset	https://freight.cargo.site/w/1800/q/90/i/X3029359532558886444019799865145/eviive-sequence-6-retina.jpg	freight.cargo.site	X3029359532558886444019799865145	eviive-sequence-6-retina.jpg	transformed
home	image	img	srcset	https://freight.cargo.site/w/1800/q/90/i/Y3029359532614226676240928519993/touchbaes-last-retina.jpg	freight.cargo.site	Y3029359532614226676240928519993	touchbaes-last-retina.jpg	transformed
home	image	img	srcset	https://freight.cargo.site/w/2200/q/90/i/K3029359532521992955872380761913/curate-last-retina.jpg	freight.cargo.site	K3029359532521992955872380761913	curate-last-retina.jpg	transformed
home	image	img	srcset	https://freight.cargo.site/w/2400/q/90/i/H3029359532577333188093509416761/map-generator-retina.png	freight.cargo.site	H3029359532577333188093509416761	map-generator-retina.png	transformed
home	image	img	srcset	https://freight.cargo.site/w/2400/q/90/i/J3029442176019925254992799774521/montran-sequence-2-retina.jpg	freight.cargo.site	J3029442176019925254992799774521	montran-sequence-2-retina.jpg	transformed
home	image	img	srcset	https://freight.cargo.site/w/2400/q/90/i/M3029359532595779932167218968377/montran-last-retina.jpg	freight.cargo.site	M3029359532595779932167218968377	montran-last-retina.jpg	transformed
home	image	img	srcset	https://freight.cargo.site/w/2400/q/90/i/T3029359532540439699946090313529/eviive-sequence-3-retina.jpg	freight.cargo.site	T3029359532540439699946090313529	eviive-sequence-3-retina.jpg	transformed
home	image	img	srcset	https://freight.cargo.site/w/2400/q/90/i/X3029359532558886444019799865145/eviive-sequence-6-retina.jpg	freight.cargo.site	X3029359532558886444019799865145	eviive-sequence-6-retina.jpg	transformed
home	image	img	srcset	https://freight.cargo.site/w/2400/q/90/i/Y3029359532614226676240928519993/touchbaes-last-retina.jpg	freight.cargo.site	Y3029359532614226676240928519993	touchbaes-last-retina.jpg	transformed
home	image	img	srcset	https://freight.cargo.site/w/2782/q/90/i/M3029359532595779932167218968377/montran-last-retina.jpg	freight.cargo.site	M3029359532595779932167218968377	montran-last-retina.jpg	transformed
home	image	img	srcset	https://freight.cargo.site/w/2800/q/90/i/X3029359532558886444019799865145/eviive-sequence-6-retina.jpg	freight.cargo.site	X3029359532558886444019799865145	eviive-sequence-6-retina.jpg	transformed
home	image	img	srcset	https://freight.cargo.site/w/3200/q/90/i/H3029359532577333188093509416761/map-generator-retina.png	freight.cargo.site	H3029359532577333188093509416761	map-generator-retina.png	transformed
home	image	img	srcset	https://freight.cargo.site/w/3200/q/90/i/J3029442176019925254992799774521/montran-sequence-2-retina.jpg	freight.cargo.site	J3029442176019925254992799774521	montran-sequence-2-retina.jpg	transformed
home	image	img	srcset	https://freight.cargo.site/w/3200/q/90/i/T3029359532540439699946090313529/eviive-sequence-3-retina.jpg	freight.cargo.site	T3029359532540439699946090313529	eviive-sequence-3-retina.jpg	transformed
home	image	img	srcset	https://freight.cargo.site/w/3600/q/90/i/T3029359532540439699946090313529/eviive-sequence-3-retina.jpg	freight.cargo.site	T3029359532540439699946090313529	eviive-sequence-3-retina.jpg	transformed
home	image	img	srcset	https://freight.cargo.site/w/420/q/85/i/A3025291300404464182587126495033/mandy-photo1-fix.jpg	freight.cargo.site	A3025291300404464182587126495033	mandy-photo1-fix.jpg	transformed
home	image	img	srcset	https://freight.cargo.site/w/420/q/85/i/A3028247346261347806898251413305/dg-image4.jpg	freight.cargo.site	A3028247346261347806898251413305	dg-image4.jpg	transformed
home	image	img	srcset	https://freight.cargo.site/w/420/q/85/i/C3028244178623348957641467017017/wtw-lanyard.png	freight.cargo.site	C3028244178623348957641467017017	wtw-lanyard.png	transformed
home	image	img	srcset	https://freight.cargo.site/w/420/q/85/i/E3025118669852017560942337898297/mandy-photo-2.jpg	freight.cargo.site	E3025118669852017560942337898297	mandy-photo-2.jpg	transformed
home	image	img	srcset	https://freight.cargo.site/w/420/q/85/i/G3025118686970596061344801797945/mandy-ig.jpg	freight.cargo.site	G3025118686970596061344801797945	mandy-ig.jpg	transformed
home	image	img	srcset	https://freight.cargo.site/w/420/q/85/i/G3028246944196113976324864390969/purelove-3.jpg	freight.cargo.site	G3028246944196113976324864390969	purelove-3.jpg	transformed
home	image	img	srcset	https://freight.cargo.site/w/420/q/85/i/H3025362994634537346592378763065/loop-cover.jpg	freight.cargo.site	H3025362994634537346592378763065	loop-cover.jpg	transformed
home	image	img	srcset	https://freight.cargo.site/w/420/q/85/i/I3025317449180697499940409620281/mandy-mewmew-v4.png	freight.cargo.site	I3025317449180697499940409620281	mandy-mewmew-v4.png	transformed
home	image	img	srcset	https://freight.cargo.site/w/420/q/85/i/I3028246618297486426098215991097/purelove-1.jpg	freight.cargo.site	I3028246618297486426098215991097	purelove-1.jpg	transformed
home	image	img	srcset	https://freight.cargo.site/w/420/q/85/i/J3022057905776630719280532993849/touchbaes-booking.jpg	freight.cargo.site	J3022057905776630719280532993849	touchbaes-booking.jpg	transformed
home	image	img	srcset	https://freight.cargo.site/w/420/q/85/i/J3027050938125560435919628580665/curate-hf.jpg	freight.cargo.site	J3027050938125560435919628580665	curate-hf.jpg	transformed
home	image	img	srcset	https://freight.cargo.site/w/420/q/85/i/J3028246254011184458481990678329/eviive-4.jpg	freight.cargo.site	J3028246254011184458481990678329	eviive-4.jpg	transformed
home	image	img	srcset	https://freight.cargo.site/w/420/q/85/i/K3028247312208658246830419130169/dg-cover.jpg	freight.cargo.site	K3028247312208658246830419130169	dg-cover.jpg	transformed
home	image	img	srcset	https://freight.cargo.site/w/420/q/85/i/L3027048668493509838917526402873/anyday-image6.jpg	freight.cargo.site	L3027048668493509838917526402873	anyday-image6.jpg	transformed
home	image	img	srcset	https://freight.cargo.site/w/420/q/85/i/L3027050213316092291723926484793/kelly-sgc30-5.jpg	freight.cargo.site	L3027050213316092291723926484793	kelly-sgc30-5.jpg	transformed
home	image	img	srcset	https://freight.cargo.site/w/420/q/85/i/L3027050230656031721010905003833/kelly-sgc30-1.jpg	freight.cargo.site	L3027050230656031721010905003833	kelly-sgc30-1.jpg	transformed
home	image	img	srcset	https://freight.cargo.site/w/420/q/85/i/M3025118651718868136485848659769/mandy-tee.jpg	freight.cargo.site	M3025118651718868136485848659769	mandy-tee.jpg	transformed
home	image	img	srcset	https://freight.cargo.site/w/420/q/85/i/N3027049860337644441291656312633/kelly-sgc30-6.jpg	freight.cargo.site	N3027049860337644441291656312633	kelly-sgc30-6.jpg	transformed
home	image	img	srcset	https://freight.cargo.site/w/420/q/85/i/Q3028246600809973044221561059129/touchbaes-sticker-v2.png	freight.cargo.site	Q3028246600809973044221561059129	touchbaes-sticker-v2.png	transformed
home	image	img	srcset	https://freight.cargo.site/w/420/q/85/i/Q3028246916120169496138926831417/purelove-2.jpg	freight.cargo.site	Q3028246916120169496138926831417	purelove-2.jpg	transformed
home	image	img	srcset	https://freight.cargo.site/w/420/q/85/i/R3025118182046317275766954964793/v7-postcard.jpg	freight.cargo.site	R3025118182046317275766954964793	v7-postcard.jpg	transformed
home	image	img	srcset	https://freight.cargo.site/w/420/q/85/i/R3027049892102937736219504195385/kelly-sgc30-3.jpg	freight.cargo.site	R3027049892102937736219504195385	kelly-sgc30-3.jpg	transformed
home	image	img	srcset	https://freight.cargo.site/w/420/q/85/i/R3028483060048393752708469274425/dg-image3-v2.jpg	freight.cargo.site	R3028483060048393752708469274425	dg-image3-v2.jpg	transformed
home	image	img	srcset	https://freight.cargo.site/w/420/q/85/i/S3028289855602474049842539181881/purelove-4-v2.png	freight.cargo.site	S3028289855602474049842539181881	purelove-4-v2.png	transformed
home	image	img	srcset	https://freight.cargo.site/w/420/q/85/i/U3026333005972541800612566185785/loop-image-2-v2.jpg	freight.cargo.site	U3026333005972541800612566185785	loop-image-2-v2.jpg	transformed
home	image	img	srcset	https://freight.cargo.site/w/420/q/85/i/Z3028481505928652286752455178041/curate-image2-v2.jpg	freight.cargo.site	Z3028481505928652286752455178041	curate-image2-v2.jpg	transformed
home	image	img	srcset	https://freight.cargo.site/w/420/q/90/i/A3029359532632673420314638071609/v7-sequence-6-retina.jpg	freight.cargo.site	A3029359532632673420314638071609	v7-sequence-6-retina.jpg	transformed
home	image	img	srcset	https://freight.cargo.site/w/420/q/90/i/H3029359532577333188093509416761/map-generator-retina.png	freight.cargo.site	H3029359532577333188093509416761	map-generator-retina.png	transformed
home	image	img	srcset	https://freight.cargo.site/w/420/q/90/i/J3029442176019925254992799774521/montran-sequence-2-retina.jpg	freight.cargo.site	J3029442176019925254992799774521	montran-sequence-2-retina.jpg	transformed
home	image	img	srcset	https://freight.cargo.site/w/420/q/90/i/K3029359532521992955872380761913/curate-last-retina.jpg	freight.cargo.site	K3029359532521992955872380761913	curate-last-retina.jpg	transformed
home	image	img	srcset	https://freight.cargo.site/w/420/q/90/i/K3029442176001478510919090222905/loop-sequence-last-retina.jpg	freight.cargo.site	K3029442176001478510919090222905	loop-sequence-last-retina.jpg	transformed
home	image	img	srcset	https://freight.cargo.site/w/420/q/90/i/M3029359532595779932167218968377/montran-last-retina.jpg	freight.cargo.site	M3029359532595779932167218968377	montran-last-retina.jpg	transformed
home	image	img	srcset	https://freight.cargo.site/w/420/q/90/i/T3029359532540439699946090313529/eviive-sequence-3-retina.jpg	freight.cargo.site	T3029359532540439699946090313529	eviive-sequence-3-retina.jpg	transformed
home	image	img	srcset	https://freight.cargo.site/w/420/q/90/i/X3029359532558886444019799865145/eviive-sequence-6-retina.jpg	freight.cargo.site	X3029359532558886444019799865145	eviive-sequence-6-retina.jpg	transformed
home	image	img	srcset	https://freight.cargo.site/w/420/q/90/i/Y3029359532614226676240928519993/touchbaes-last-retina.jpg	freight.cargo.site	Y3029359532614226676240928519993	touchbaes-last-retina.jpg	transformed
home	image	img	srcset	https://freight.cargo.site/w/525/q/85/i/Q3028246600809973044221561059129/touchbaes-sticker-v2.png	freight.cargo.site	Q3028246600809973044221561059129	touchbaes-sticker-v2.png	transformed
home	image	img	srcset	https://freight.cargo.site/w/680/q/85/i/R3025118182046317275766954964793/v7-postcard.jpg	freight.cargo.site	R3025118182046317275766954964793	v7-postcard.jpg	transformed
home	image	img	srcset	https://freight.cargo.site/w/700/q/85/i/G3025118686970596061344801797945/mandy-ig.jpg	freight.cargo.site	G3025118686970596061344801797945	mandy-ig.jpg	transformed
home	image	img	srcset	https://freight.cargo.site/w/703/q/85/i/I3025317449180697499940409620281/mandy-mewmew-v4.png	freight.cargo.site	I3025317449180697499940409620281	mandy-mewmew-v4.png	transformed
home	image	img	srcset	https://freight.cargo.site/w/752/q/85/i/A3025291300404464182587126495033/mandy-photo1-fix.jpg	freight.cargo.site	A3025291300404464182587126495033	mandy-photo1-fix.jpg	transformed
home	image	img	srcset	https://freight.cargo.site/w/752/q/85/i/Z3028481505928652286752455178041/curate-image2-v2.jpg	freight.cargo.site	Z3028481505928652286752455178041	curate-image2-v2.jpg	transformed
home	image	img	srcset	https://freight.cargo.site/w/822/q/85/i/R3028483060048393752708469274425/dg-image3-v2.jpg	freight.cargo.site	R3028483060048393752708469274425	dg-image3-v2.jpg	transformed
home	image	img	srcset	https://freight.cargo.site/w/840/q/85/i/J3022057905776630719280532993849/touchbaes-booking.jpg	freight.cargo.site	J3022057905776630719280532993849	touchbaes-booking.jpg	transformed
home	image	img	srcset	https://freight.cargo.site/w/880/q/85/i/G3028246944196113976324864390969/purelove-3.jpg	freight.cargo.site	G3028246944196113976324864390969	purelove-3.jpg	transformed
home	image	img	srcset	https://freight.cargo.site/w/886/q/85/i/J3028246254011184458481990678329/eviive-4.jpg	freight.cargo.site	J3028246254011184458481990678329	eviive-4.jpg	transformed
home	image	img	srcset	https://freight.cargo.site/w/900/q/85/i/A3028247346261347806898251413305/dg-image4.jpg	freight.cargo.site	A3028247346261347806898251413305	dg-image4.jpg	transformed
home	image	img	srcset	https://freight.cargo.site/w/900/q/85/i/C3028244178623348957641467017017/wtw-lanyard.png	freight.cargo.site	C3028244178623348957641467017017	wtw-lanyard.png	transformed
home	image	img	srcset	https://freight.cargo.site/w/900/q/85/i/E3025118669852017560942337898297/mandy-photo-2.jpg	freight.cargo.site	E3025118669852017560942337898297	mandy-photo-2.jpg	transformed
home	image	img	srcset	https://freight.cargo.site/w/900/q/85/i/H3025362994634537346592378763065/loop-cover.jpg	freight.cargo.site	H3025362994634537346592378763065	loop-cover.jpg	transformed
home	image	img	srcset	https://freight.cargo.site/w/900/q/85/i/I3028246618297486426098215991097/purelove-1.jpg	freight.cargo.site	I3028246618297486426098215991097	purelove-1.jpg	transformed
home	image	img	srcset	https://freight.cargo.site/w/900/q/85/i/J3027050938125560435919628580665/curate-hf.jpg	freight.cargo.site	J3027050938125560435919628580665	curate-hf.jpg	transformed
home	image	img	srcset	https://freight.cargo.site/w/900/q/85/i/K3028247312208658246830419130169/dg-cover.jpg	freight.cargo.site	K3028247312208658246830419130169	dg-cover.jpg	transformed
home	image	img	srcset	https://freight.cargo.site/w/900/q/85/i/L3027048668493509838917526402873/anyday-image6.jpg	freight.cargo.site	L3027048668493509838917526402873	anyday-image6.jpg	transformed
home	image	img	srcset	https://freight.cargo.site/w/900/q/85/i/L3027050213316092291723926484793/kelly-sgc30-5.jpg	freight.cargo.site	L3027050213316092291723926484793	kelly-sgc30-5.jpg	transformed
home	image	img	srcset	https://freight.cargo.site/w/900/q/85/i/L3027050230656031721010905003833/kelly-sgc30-1.jpg	freight.cargo.site	L3027050230656031721010905003833	kelly-sgc30-1.jpg	transformed
home	image	img	srcset	https://freight.cargo.site/w/900/q/85/i/M3025118651718868136485848659769/mandy-tee.jpg	freight.cargo.site	M3025118651718868136485848659769	mandy-tee.jpg	transformed
home	image	img	srcset	https://freight.cargo.site/w/900/q/85/i/N3027049860337644441291656312633/kelly-sgc30-6.jpg	freight.cargo.site	N3027049860337644441291656312633	kelly-sgc30-6.jpg	transformed
home	image	img	srcset	https://freight.cargo.site/w/900/q/85/i/Q3028246916120169496138926831417/purelove-2.jpg	freight.cargo.site	Q3028246916120169496138926831417	purelove-2.jpg	transformed
home	image	img	srcset	https://freight.cargo.site/w/900/q/85/i/R3027049892102937736219504195385/kelly-sgc30-3.jpg	freight.cargo.site	R3027049892102937736219504195385	kelly-sgc30-3.jpg	transformed
home	image	img	srcset	https://freight.cargo.site/w/900/q/85/i/S3028289855602474049842539181881/purelove-4-v2.png	freight.cargo.site	S3028289855602474049842539181881	purelove-4-v2.png	transformed
home	image	img	srcset	https://freight.cargo.site/w/900/q/85/i/U3026333005972541800612566185785/loop-image-2-v2.jpg	freight.cargo.site	U3026333005972541800612566185785	loop-image-2-v2.jpg	transformed
home	image	img	srcset	https://freight.cargo.site/w/900/q/90/i/A3029359532632673420314638071609/v7-sequence-6-retina.jpg	freight.cargo.site	A3029359532632673420314638071609	v7-sequence-6-retina.jpg	transformed
home	image	img	srcset	https://freight.cargo.site/w/900/q/90/i/H3029359532577333188093509416761/map-generator-retina.png	freight.cargo.site	H3029359532577333188093509416761	map-generator-retina.png	transformed
home	image	img	srcset	https://freight.cargo.site/w/900/q/90/i/J3029442176019925254992799774521/montran-sequence-2-retina.jpg	freight.cargo.site	J3029442176019925254992799774521	montran-sequence-2-retina.jpg	transformed
home	image	img	srcset	https://freight.cargo.site/w/900/q/90/i/K3029359532521992955872380761913/curate-last-retina.jpg	freight.cargo.site	K3029359532521992955872380761913	curate-last-retina.jpg	transformed
home	image	img	srcset	https://freight.cargo.site/w/900/q/90/i/K3029442176001478510919090222905/loop-sequence-last-retina.jpg	freight.cargo.site	K3029442176001478510919090222905	loop-sequence-last-retina.jpg	transformed
home	image	img	srcset	https://freight.cargo.site/w/900/q/90/i/M3029359532595779932167218968377/montran-last-retina.jpg	freight.cargo.site	M3029359532595779932167218968377	montran-last-retina.jpg	transformed
home	image	img	srcset	https://freight.cargo.site/w/900/q/90/i/T3029359532540439699946090313529/eviive-sequence-3-retina.jpg	freight.cargo.site	T3029359532540439699946090313529	eviive-sequence-3-retina.jpg	transformed
home	image	img	srcset	https://freight.cargo.site/w/900/q/90/i/X3029359532558886444019799865145/eviive-sequence-6-retina.jpg	freight.cargo.site	X3029359532558886444019799865145	eviive-sequence-6-retina.jpg	transformed
home	image	img	srcset	https://freight.cargo.site/w/900/q/90/i/Y3029359532614226676240928519993/touchbaes-last-retina.jpg	freight.cargo.site	Y3029359532614226676240928519993	touchbaes-last-retina.jpg	transformed
home	image	img	srcset	https://freight.cargo.site/w/952/q/85/i/L3027048668493509838917526402873/anyday-image6.jpg	freight.cargo.site	L3027048668493509838917526402873	anyday-image6.jpg	transformed
home	image	video	data-poster	https://freight.cargo.site/t/original/i/A3031230889628157697836525860665/01-Logo-symbol_Animation_EVIIVE-cargo-h264-poster.jpg	freight.cargo.site	A3031230889628157697836525860665	01-Logo-symbol_Animation_EVIIVE-cargo-h264-poster.jpg	original
home	image	video	data-poster	https://freight.cargo.site/t/original/i/B3031232030079663310855844968249/03-Final_Navy_EVIIVE-Logo-Animation_Jul-2026-web-hq-1800-h264-poster.jpg	freight.cargo.site	B3031232030079663310855844968249	03-Final_Navy_EVIIVE-Logo-Animation_Jul-2026-web-hq-1800-h264-poster.jpg	original
home	image	video	data-poster	https://freight.cargo.site/t/original/i/B3031232058413862208073716250425/04-OOH_Train-Station_Video-Slide-cargo-small-h264-poster.jpg	freight.cargo.site	B3031232058413862208073716250425	04-OOH_Train-Station_Video-Slide-cargo-small-h264-poster.jpg	original
home	image	video	data-poster	https://freight.cargo.site/t/original/i/C3031232234580268111999934183225/10-SATAIC-transformation-Comp-cargo-small-h264-poster.jpg	freight.cargo.site	C3031232234580268111999934183225	10-SATAIC-transformation-Comp-cargo-small-h264-poster.jpg	original
home	image	video	data-poster	https://freight.cargo.site/t/original/i/E3031232087873312493787870181177/05-Freetothink_motionthecity_260303-upscaled-4x-retina-h264-poster.jpg	freight.cargo.site	E3031232087873312493787870181177	05-Freetothink_motionthecity_260303-upscaled-4x-retina-h264-poster.jpg	original
home	image	video	data-poster	https://freight.cargo.site/t/original/i/F3031232519896058700065569027897/20-curate-image1-vid-h264-poster.jpg	freight.cargo.site	F3031232519896058700065569027897	20-curate-image1-vid-h264-poster.jpg	original
home	image	video	data-poster	https://freight.cargo.site/t/original/i/F3031232547566174810629896451897/21-randompics-slideshow-h264-poster.jpg	freight.cargo.site	F3031232547566174810629896451897	21-randompics-slideshow-h264-poster.jpg	original
home	image	video	data-poster	https://freight.cargo.site/t/original/i/G3031232346146176269795302356793/14-montran-icon-animation-poster.jpg	freight.cargo.site	G3031232346146176269795302356793	14-montran-icon-animation-poster.jpg	original
home	image	video	data-poster	https://freight.cargo.site/t/original/i/J3031232116853147433585575769913/06-Mockup_Video-Truck_V7-cargo-small-h264-poster.jpg	freight.cargo.site	J3031232116853147433585575769913	06-Mockup_Video-Truck_V7-cargo-small-h264-poster.jpg	original
home	image	video	data-poster	https://freight.cargo.site/t/original/i/L3031232176454577535741137041209/08-8bit-girls-final-alpha-1080-poster.png	freight.cargo.site	L3031232176454577535741137041209	08-8bit-girls-final-alpha-1080-poster.png	original
home	image	video	data-poster	https://freight.cargo.site/t/original/i/L3031232634561019862244141872953/24-wtw-wordmark-poster.jpg	freight.cargo.site	L3031232634561019862244141872953	24-wtw-wordmark-poster.jpg	original
home	image	video	data-poster	https://freight.cargo.site/t/original/i/M3031232490676416087309639268153/19-anyday-scroller-h264-poster.jpg	freight.cargo.site	M3031232490676416087309639268153	19-anyday-scroller-h264-poster.jpg	original
home	image	video	data-poster	https://freight.cargo.site/t/original/i/N3031232263191168170323448739641/11-hf_20260708_032138_2ca7e18b-6113-498e-9b3e-603f187014fb-alpha-small-ratio-1.5466-poster.png	freight.cargo.site	N3031232263191168170323448739641	11-hf_20260708_032138_2ca7e18b-6113-498e-9b3e-603f187014fb-alpha-small-ratio-1.5466-poster.png	original
home	image	video	data-poster	https://freight.cargo.site/t/original/i/N3031232577062518584491469485881/22-purelove-flash-poster.jpg	freight.cargo.site	N3031232577062518584491469485881	22-purelove-flash-poster.jpg	original
home	image	video	data-poster	https://freight.cargo.site/t/original/i/N3031232606872457007606104897337/23-dg-slides-poster.jpg	freight.cargo.site	N3031232606872457007606104897337	23-dg-slides-poster.jpg	original
home	image	video	data-poster	https://freight.cargo.site/t/original/i/P3031232147548529572238269658937/07-3d-animation_social-nov-8-cargo-under-1mb-1080-h264-poster.jpg	freight.cargo.site	P3031232147548529572238269658937	07-3d-animation_social-nov-8-cargo-under-1mb-1080-h264-poster.jpg	original
home	image	video	data-poster	https://freight.cargo.site/t/original/i/P3031232318789654808484037310265/13-Loop-Card_3D-Animation-cargo-h264-poster.jpg	freight.cargo.site	P3031232318789654808484037310265	13-Loop-Card_3D-Animation-cargo-h264-poster.jpg	original
home	image	video	data-poster	https://freight.cargo.site/t/original/i/P3031232402132044533503791511353/16-anyday-logo-slideshow-v3-h264-poster.jpg	freight.cargo.site	P3031232402132044533503791511353	16-anyday-logo-slideshow-v3-h264-poster.jpg	original
home	image	video	data-poster	https://freight.cargo.site/t/original/i/P3031232663448621081673299703609/25-wtw-grid-logo-poster.jpg	freight.cargo.site	P3031232663448621081673299703609	25-wtw-grid-logo-poster.jpg	original
home	image	video	data-poster	https://freight.cargo.site/t/original/i/P3031232719434489345381788858169/27-wtw-grid-animation-poster.jpg	freight.cargo.site	P3031232719434489345381788858169	27-wtw-grid-animation-poster.jpg	original
home	image	video	data-poster	https://freight.cargo.site/t/original/i/R3031232462416004166386606192441/18-anyday-hotel-report-h264-poster.jpg	freight.cargo.site	R3031232462416004166386606192441	18-anyday-hotel-report-h264-poster.jpg	original
home	image	video	data-poster	https://freight.cargo.site/t/original/i/S3031232692022627651849395156793/26-wtw-grid-image-poster.jpg	freight.cargo.site	S3031232692022627651849395156793	26-wtw-grid-image-poster.jpg	original
home	image	video	data-poster	https://freight.cargo.site/t/original/i/T3031232431296346914038592616249/17-anyday-money-moments-h264-poster.jpg	freight.cargo.site	T3031232431296346914038592616249	17-anyday-money-moments-h264-poster.jpg	original
home	image	video	data-poster	https://freight.cargo.site/t/original/i/V3031232001837698134006521444153/02-6x-images-for-MMS_EVIIVE_Image-5-web-smooth-hq-white-bg-poster.jpg	freight.cargo.site	V3031232001837698134006521444153	02-6x-images-for-MMS_EVIIVE_Image-5-web-smooth-hq-white-bg-poster.jpg	original
home	image	video	data-poster	https://freight.cargo.site/t/original/i/Y3031232205692666892570776352569/09-video-small-poster.jpg	freight.cargo.site	Y3031232205692666892570776352569	09-video-small-poster.jpg	original
home	image	video	data-poster	https://freight.cargo.site/t/original/i/Y3031232291119538697919709886265/12-v3_Loop-Wrapped_Animated-illustration-cargo-small-h264-poster.jpg	freight.cargo.site	Y3031232291119538697919709886265	12-v3_Loop-Wrapped_Animated-illustration-cargo-small-h264-poster.jpg	original
home	image	video	data-poster	https://freight.cargo.site/t/original/i/Y3031232375033777489224460187449/15-Montran_CSD_RS_EN-noaudio-poster.jpg	freight.cargo.site	Y3031232375033777489224460187449	15-Montran_CSD_RS_EN-noaudio-poster.jpg	original
home	image	video	poster	https://freight.cargo.site/t/original/i/A3031230889628157697836525860665/01-Logo-symbol_Animation_EVIIVE-cargo-h264-poster.jpg	freight.cargo.site	A3031230889628157697836525860665	01-Logo-symbol_Animation_EVIIVE-cargo-h264-poster.jpg	original
home	image	video	poster	https://freight.cargo.site/t/original/i/B3031232030079663310855844968249/03-Final_Navy_EVIIVE-Logo-Animation_Jul-2026-web-hq-1800-h264-poster.jpg	freight.cargo.site	B3031232030079663310855844968249	03-Final_Navy_EVIIVE-Logo-Animation_Jul-2026-web-hq-1800-h264-poster.jpg	original
home	image	video	poster	https://freight.cargo.site/t/original/i/B3031232058413862208073716250425/04-OOH_Train-Station_Video-Slide-cargo-small-h264-poster.jpg	freight.cargo.site	B3031232058413862208073716250425	04-OOH_Train-Station_Video-Slide-cargo-small-h264-poster.jpg	original
home	image	video	poster	https://freight.cargo.site/t/original/i/C3031232234580268111999934183225/10-SATAIC-transformation-Comp-cargo-small-h264-poster.jpg	freight.cargo.site	C3031232234580268111999934183225	10-SATAIC-transformation-Comp-cargo-small-h264-poster.jpg	original
home	image	video	poster	https://freight.cargo.site/t/original/i/E3031232087873312493787870181177/05-Freetothink_motionthecity_260303-upscaled-4x-retina-h264-poster.jpg	freight.cargo.site	E3031232087873312493787870181177	05-Freetothink_motionthecity_260303-upscaled-4x-retina-h264-poster.jpg	original
home	image	video	poster	https://freight.cargo.site/t/original/i/F3031232519896058700065569027897/20-curate-image1-vid-h264-poster.jpg	freight.cargo.site	F3031232519896058700065569027897	20-curate-image1-vid-h264-poster.jpg	original
home	image	video	poster	https://freight.cargo.site/t/original/i/F3031232547566174810629896451897/21-randompics-slideshow-h264-poster.jpg	freight.cargo.site	F3031232547566174810629896451897	21-randompics-slideshow-h264-poster.jpg	original
home	image	video	poster	https://freight.cargo.site/t/original/i/G3031232346146176269795302356793/14-montran-icon-animation-poster.jpg	freight.cargo.site	G3031232346146176269795302356793	14-montran-icon-animation-poster.jpg	original
home	image	video	poster	https://freight.cargo.site/t/original/i/J3031232116853147433585575769913/06-Mockup_Video-Truck_V7-cargo-small-h264-poster.jpg	freight.cargo.site	J3031232116853147433585575769913	06-Mockup_Video-Truck_V7-cargo-small-h264-poster.jpg	original
home	image	video	poster	https://freight.cargo.site/t/original/i/L3031232176454577535741137041209/08-8bit-girls-final-alpha-1080-poster.png	freight.cargo.site	L3031232176454577535741137041209	08-8bit-girls-final-alpha-1080-poster.png	original
home	image	video	poster	https://freight.cargo.site/t/original/i/L3031232634561019862244141872953/24-wtw-wordmark-poster.jpg	freight.cargo.site	L3031232634561019862244141872953	24-wtw-wordmark-poster.jpg	original
home	image	video	poster	https://freight.cargo.site/t/original/i/M3031232490676416087309639268153/19-anyday-scroller-h264-poster.jpg	freight.cargo.site	M3031232490676416087309639268153	19-anyday-scroller-h264-poster.jpg	original
home	image	video	poster	https://freight.cargo.site/t/original/i/N3031232263191168170323448739641/11-hf_20260708_032138_2ca7e18b-6113-498e-9b3e-603f187014fb-alpha-small-ratio-1.5466-poster.png	freight.cargo.site	N3031232263191168170323448739641	11-hf_20260708_032138_2ca7e18b-6113-498e-9b3e-603f187014fb-alpha-small-ratio-1.5466-poster.png	original
home	image	video	poster	https://freight.cargo.site/t/original/i/N3031232577062518584491469485881/22-purelove-flash-poster.jpg	freight.cargo.site	N3031232577062518584491469485881	22-purelove-flash-poster.jpg	original
home	image	video	poster	https://freight.cargo.site/t/original/i/N3031232606872457007606104897337/23-dg-slides-poster.jpg	freight.cargo.site	N3031232606872457007606104897337	23-dg-slides-poster.jpg	original
home	image	video	poster	https://freight.cargo.site/t/original/i/P3031232147548529572238269658937/07-3d-animation_social-nov-8-cargo-under-1mb-1080-h264-poster.jpg	freight.cargo.site	P3031232147548529572238269658937	07-3d-animation_social-nov-8-cargo-under-1mb-1080-h264-poster.jpg	original
home	image	video	poster	https://freight.cargo.site/t/original/i/P3031232318789654808484037310265/13-Loop-Card_3D-Animation-cargo-h264-poster.jpg	freight.cargo.site	P3031232318789654808484037310265	13-Loop-Card_3D-Animation-cargo-h264-poster.jpg	original
home	image	video	poster	https://freight.cargo.site/t/original/i/P3031232402132044533503791511353/16-anyday-logo-slideshow-v3-h264-poster.jpg	freight.cargo.site	P3031232402132044533503791511353	16-anyday-logo-slideshow-v3-h264-poster.jpg	original
home	image	video	poster	https://freight.cargo.site/t/original/i/P3031232663448621081673299703609/25-wtw-grid-logo-poster.jpg	freight.cargo.site	P3031232663448621081673299703609	25-wtw-grid-logo-poster.jpg	original
home	image	video	poster	https://freight.cargo.site/t/original/i/P3031232719434489345381788858169/27-wtw-grid-animation-poster.jpg	freight.cargo.site	P3031232719434489345381788858169	27-wtw-grid-animation-poster.jpg	original
home	image	video	poster	https://freight.cargo.site/t/original/i/R3031232462416004166386606192441/18-anyday-hotel-report-h264-poster.jpg	freight.cargo.site	R3031232462416004166386606192441	18-anyday-hotel-report-h264-poster.jpg	original
home	image	video	poster	https://freight.cargo.site/t/original/i/S3031232692022627651849395156793/26-wtw-grid-image-poster.jpg	freight.cargo.site	S3031232692022627651849395156793	26-wtw-grid-image-poster.jpg	original
home	image	video	poster	https://freight.cargo.site/t/original/i/T3031232431296346914038592616249/17-anyday-money-moments-h264-poster.jpg	freight.cargo.site	T3031232431296346914038592616249	17-anyday-money-moments-h264-poster.jpg	original
home	image	video	poster	https://freight.cargo.site/t/original/i/V3031232001837698134006521444153/02-6x-images-for-MMS_EVIIVE_Image-5-web-smooth-hq-white-bg-poster.jpg	freight.cargo.site	V3031232001837698134006521444153	02-6x-images-for-MMS_EVIIVE_Image-5-web-smooth-hq-white-bg-poster.jpg	original
home	image	video	poster	https://freight.cargo.site/t/original/i/Y3031232205692666892570776352569/09-video-small-poster.jpg	freight.cargo.site	Y3031232205692666892570776352569	09-video-small-poster.jpg	original
home	image	video	poster	https://freight.cargo.site/t/original/i/Y3031232291119538697919709886265/12-v3_Loop-Wrapped_Animated-illustration-cargo-small-h264-poster.jpg	freight.cargo.site	Y3031232291119538697919709886265	12-v3_Loop-Wrapped_Animated-illustration-cargo-small-h264-poster.jpg	original
home	image	video	poster	https://freight.cargo.site/t/original/i/Y3031232375033777489224460187449/15-Montran_CSD_RS_EN-noaudio-poster.jpg	freight.cargo.site	Y3031232375033777489224460187449	15-Montran_CSD_RS_EN-noaudio-poster.jpg	original
home	link	a	href	https://ellacportfolio.com	ellacportfolio.com			other
home	link	a	href	https://eviive.ch	eviive.ch			other
home	link	a	href	https://mmmmm.studio/	mmmmm.studio			other
home	link	a	href	https://mmmmm.studio/who	mmmmm.studio		who	other
home	link	a	href	https://mmmmm.studio/write	mmmmm.studio		write	other
home	link	a	href	https://www.linkedin.com/company/mmmmmstudio/	www.linkedin.com		mmmmmstudio	other
home	link	a	href	https://www.touchbaes.ca	www.touchbaes.ca			other
home	link	a	href	https://www.travisleung.com	www.travisleung.com			other
home	pdf	iframe-query	pdf	https://freight.cargo.site/t/original/i/P3028590574867085520722012452665/montran_sustainability-report_2025_v4-web.pdf	freight.cargo.site	P3028590574867085520722012452665	montran_sustainability-report_2025_v4-web.pdf	original
home	video	video	data-mp4	https://freight.cargo.site/t/original/i/E3028483072094117632840806479673/mandy-hf-alpha-v2.mp4	freight.cargo.site	E3028483072094117632840806479673	mandy-hf-alpha-v2.mp4	original
home	video	video	data-mp4	https://freight.cargo.site/t/original/i/K3028483048076456848870970275641/8bit-girls-alpha-v2.mp4	freight.cargo.site	K3028483048076456848870970275641	8bit-girls-alpha-v2.mp4	original
home	video	video	data-src	https://freight.cargo.site/t/original/i/B3028308528632757311589224855353/Final_Navy_EVIIVE-Logo-Animation_Jul-2026-web-hq-1800-h264.mp4	freight.cargo.site	B3028308528632757311589224855353	Final_Navy_EVIIVE-Logo-Animation_Jul-2026-web-hq-1800-h264.mp4	original
home	video	video	data-src	https://freight.cargo.site/t/original/i/B3028308558313568526187893405497/Freetothink_motionthecity_260303-upscaled-4x-retina-h264.mp4	freight.cargo.site	B3028308558313568526187893405497	Freetothink_motionthecity_260303-upscaled-4x-retina-h264.mp4	original
home	video	video	data-src	https://freight.cargo.site/t/original/i/C3022812573698134943474161071929/8bit-girls-final-alpha-1080.webm	freight.cargo.site	C3022812573698134943474161071929	8bit-girls-final-alpha-1080.webm	original
home	video	video	data-src	https://freight.cargo.site/t/original/i/C3026651793472485332597365847865/montran-icon-animation.mp4	freight.cargo.site	C3026651793472485332597365847865	montran-icon-animation.mp4	original
home	video	video	data-src	https://freight.cargo.site/t/original/i/E3026651808137646871196459382585/Montran_CSD_RS_EN-noaudio.mp4	freight.cargo.site	E3026651808137646871196459382585	Montran_CSD_RS_EN-noaudio.mp4	original
home	video	video	data-src	https://freight.cargo.site/t/original/i/E3028308676907686176066600744761/anyday-logo-slideshow-v3-h264.mp4	freight.cargo.site	E3028308676907686176066600744761	anyday-logo-slideshow-v3-h264.mp4	original
home	video	video	data-src	https://freight.cargo.site/t/original/i/F3022813868419761244926460344121/6x-images-for-MMS_EVIIVE_Image-5-web-smooth-hq-white-bg.mp4	freight.cargo.site	F3022813868419761244926460344121	6x-images-for-MMS_EVIIVE_Image-5-web-smooth-hq-white-bg.mp4	original
home	video	video	data-src	https://freight.cargo.site/t/original/i/G3028308706570050646591559743289/anyday-hotel-report-h264.mp4	freight.cargo.site	G3028308706570050646591559743289	anyday-hotel-report-h264.mp4	original
home	video	video	data-src	https://freight.cargo.site/t/original/i/I3028308721419679625927748794169/anyday-scroller-h264.mp4	freight.cargo.site	I3028308721419679625927748794169	anyday-scroller-h264.mp4	original
home	video	video	data-src	https://freight.cargo.site/t/original/i/J3028243826290537149789031151417/wtw-grid-logo.mp4	freight.cargo.site	J3028243826290537149789031151417	wtw-grid-logo.mp4	original
home	video	video	data-src	https://freight.cargo.site/t/original/i/K3022811110465501528685107787577/video-small.mp4	freight.cargo.site	K3022811110465501528685107787577	video-small.mp4	original
home	video	video	data-src	https://freight.cargo.site/t/original/i/K3028243512603654176358105921337/wtw-grid-image.mp4	freight.cargo.site	K3028243512603654176358105921337	wtw-grid-image.mp4	original
home	video	video	data-src	https://freight.cargo.site/t/original/i/K3028308647282215193689060849465/v3_Loop-Wrapped_Animated-illustration-cargo-small-h264.mp4	freight.cargo.site	K3028308647282215193689060849465	v3_Loop-Wrapped_Animated-illustration-cargo-small-h264.mp4	original
home	video	video	data-src	https://freight.cargo.site/t/original/i/L3028243501517160988058665400121/wtw-grid-animation.mp4	freight.cargo.site	L3028243501517160988058665400121	wtw-grid-animation.mp4	original
home	video	video	data-src	https://freight.cargo.site/t/original/i/L3028308691757315155402789795641/anyday-money-moments-h264.mp4	freight.cargo.site	L3028308691757315155402789795641	anyday-money-moments-h264.mp4	original
home	video	video	data-src	https://freight.cargo.site/t/original/i/L3028308751008257120157869586233/randompics-slideshow-h264.mp4	freight.cargo.site	L3028308751008257120157869586233	randompics-slideshow-h264.mp4	original
home	video	video	data-src	https://freight.cargo.site/t/original/i/P3028308573144750761450372904761/Mockup_Video-Truck_V7-cargo-small-h264.mp4	freight.cargo.site	P3028308573144750761450372904761	Mockup_Video-Truck_V7-cargo-small-h264.mp4	original
home	video	video	data-src	https://freight.cargo.site/t/original/i/R3028308736250861861190228293433/curate-image1-vid-h264.mp4	freight.cargo.site	R3028308736250861861190228293433	curate-image1-vid-h264.mp4	original
home	video	video	data-src	https://freight.cargo.site/t/original/i/S3028279585838879613892415764281/purelove-flash.mp4	freight.cargo.site	S3028279585838879613892415764281	purelove-flash.mp4	original
home	video	video	data-src	https://freight.cargo.site/t/original/i/S3028308617638297467237811402553/SATAIC-transformation-Comp-cargo-small-h264.mp4	freight.cargo.site	S3028308617638297467237811402553	SATAIC-transformation-Comp-cargo-small-h264.mp4	original
home	video	video	data-src	https://freight.cargo.site/t/original/i/S3028308662094950684877830797113/Loop-Card_3D-Animation-cargo-h264.mp4	freight.cargo.site	S3028308662094950684877830797113	Loop-Card_3D-Animation-cargo-h264.mp4	original
home	video	video	data-src	https://freight.cargo.site/t/original/i/U3028243848518863758609040848697/wtw-wordmark.mp4	freight.cargo.site	U3028243848518863758609040848697	wtw-wordmark.mp4	original
home	video	video	data-src	https://freight.cargo.site/t/original/i/V3025158174716596286590825314105/hf_20260708_032138_2ca7e18b-6113-498e-9b3e-603f187014fb-alpha-small-ratio-1.5466.webm	freight.cargo.site	V3025158174716596286590825314105	hf_20260708_032138_2ca7e18b-6113-498e-9b3e-603f187014fb-alpha-small-ratio-1.5466.webm	original
home	video	video	data-src	https://freight.cargo.site/t/original/i/V3028308587975932996712852404025/3d-animation_social-nov-8-cargo-under-1mb-1080-h264.mp4	freight.cargo.site	V3028308587975932996712852404025	3d-animation_social-nov-8-cargo-under-1mb-1080-h264.mp4	original
home	video	video	data-src	https://freight.cargo.site/t/original/i/W3028244200907015798682605369145/dg-slides.mp4	freight.cargo.site	W3028244200907015798682605369145	dg-slides.mp4	original
home	video	video	data-src	https://freight.cargo.site/t/original/i/W3028308513949149028916421769017/Logo-symbol_Animation_EVIIVE-cargo-h264.mp4	freight.cargo.site	W3028308513949149028916421769017	Logo-symbol_Animation_EVIIVE-cargo-h264.mp4	original
home	video	video	data-src	https://freight.cargo.site/t/original/i/X3028308543445492802777994803001/OOH_Train-Station_Video-Slide-cargo-small-h264.mp4	freight.cargo.site	X3028308543445492802777994803001	OOH_Train-Station_Video-Slide-cargo-small-h264.mp4	original
home	video	video	src	https://freight.cargo.site/t/original/i/L3028308751008257120157869586233/randompics-slideshow-h264.mp4	freight.cargo.site	L3028308751008257120157869586233	randompics-slideshow-h264.mp4	original
who	image	video	data-poster	https://freight.cargo.site/t/original/i/A3033712492901311047143260731193/profile-cch-poster.jpg	freight.cargo.site	A3033712492901311047143260731193	profile-cch-poster.jpg	original
who	image	video	data-poster	https://freight.cargo.site/t/original/i/C3033703303563517008361575462713/profile-chy-poster.jpg	freight.cargo.site	C3033703303563517008361575462713	profile-chy-poster.jpg	original
who	link	a	href	https://mmmmm.studio/	mmmmm.studio			other
who	link	a	href	https://mmmmm.studio/who	mmmmm.studio		who	other
who	link	a	href	https://mmmmm.studio/write	mmmmm.studio		write	other
who	link	a	href	https://www.linkedin.com/company/mmmmmstudio/	www.linkedin.com		mmmmmstudio	other
who	video	video	data-src	https://freight.cargo.site/t/original/i/M3033713145657796839429454214969/profile-cch.mp4	freight.cargo.site	M3033713145657796839429454214969	profile-cch.mp4	original
who	video	video	data-src	https://freight.cargo.site/t/original/i/W3033697092268086229249903081273/profile-chy.mp4	freight.cargo.site	W3033697092268086229249903081273	profile-chy.mp4	original
write	link	a	href	https://mmmmm.studio/	mmmmm.studio			other
write	link	a	href	https://mmmmm.studio/who	mmmmm.studio		who	other
write	link	a	href	https://mmmmm.studio/write	mmmmm.studio		write	other
write	link	a	href	https://www.linkedin.com/company/mmmmmstudio/	www.linkedin.com		mmmmmstudio	other
