page	role	parent_hash	id	hash	display_name	name	width	height	file_size	file_size_human	file_type	mime_type	is_image	is_video	is_url	in_use	has_audio_track	duration	created_at	updated_at
home	page_media		83296194	T3021061337325266132272427874105	eviive-3.jpg	eviive-3.jpg	1792	1008	1207007	1.2MB	jpg	image/jpeg	True	False	False	True			2026-07-06T12:14:23.366663Z	2026-07-06T12:14:23.366663Z
home	page_media		83336206	J3022057905776630719280532993849	touchbaes-booking.jpg	touchbaes-booking.jpg	807	1008	652881	637.6KB	jpg	image/jpeg	True	False	False	False			2026-07-07T03:14:47.507375Z	2026-07-07T03:14:47.507375Z
home	page_media		83336210	G3022057921530150158228490073913	touchbaes-sticker.jpg	touchbaes-sticker.jpg	437	1008	636978	622.0KB	jpg	image/jpeg	True	False	False	False			2026-07-07T03:14:48.369778Z	2026-07-07T03:14:48.369778Z
home	page_media		83336212	K3022057937339009829397575808825	touchbaes-game.jpg	touchbaes-game.jpg	1386	1008	776177	758.0KB	jpg	image/jpeg	True	False	False	False			2026-07-07T03:14:49.221090Z	2026-07-07T03:14:49.221090Z
home	page_media		83336214	J3022057983050041644049844713273	touchbaes-bendito.jpg	touchbaes-bendito.jpg	1116	744	1474770	1.4MB	jpg	image/jpeg	True	False	False	False			2026-07-07T03:14:51.713226Z	2026-07-07T03:14:51.713226Z
home	page_media		83361877	K3022811110465501528685107787577	video-small.mp4	video-small.mp4	960	960	894312	873.4KB	mp4	video/mp4	False	True	False	False	False	3	2026-07-07T14:35:18.961013Z	2026-07-07T14:51:57.642011Z
home	video_poster	K3022811110465501528685107787577	83361879	F3022811116460693352640712062777	video-small.jpg	video-small.jpg	960	960	1539577	1.5MB	jpg	image/jpg	True	False	False	False			2026-07-07T14:35:19.250081Z	2026-07-07T14:35:19.250081Z
home	page_media		83361935	L3022811933208733960204819412793	Final_Navy_EVIIVE-Logo-Animation_Jul-2026-web-hq-1800.webm	Final_Navy_EVIIVE-Logo-Animation_Jul-2026-web-hq-1800.webm	1800	1200	277739	271.2KB	webm	video/webm	False	True	False	False	False	5	2026-07-07T14:36:03.555671Z	2026-07-07T14:51:57.670929Z
home	video_poster	L3022811933208733960204819412793	83361936	Q3022811938170908116032688797497	Final_Navy_EVIIVE-Logo-Animation_Jul-2026-web-hq-1800.jpg	Final_Navy_EVIIVE-Logo-Animation_Jul-2026-web-hq-1800.jpg	1800	1200	46271	45.2KB	jpg	image/jpg	True	False	False	False			2026-07-07T14:36:03.724133Z	2026-07-07T14:36:03.724133Z
home	page_media		83361982	C3022812573698134943474161071929	8bit-girls-final-alpha-1080.webm	8bit-girls-final-alpha-1080.webm	1080	1920	940031	918.0KB	webm	video/webm	False	True	False	False	False	4	2026-07-07T14:36:38.157004Z	2026-07-07T14:51:57.693260Z
home	video_poster	C3022812573698134943474161071929	83361983	I3022812577369037014142361843513	8bit-girls-final-alpha-1080.jpg	8bit-girls-final-alpha-1080.jpg	1080	1920	988201	965.0KB	jpg	image/jpg	True	False	False	False			2026-07-07T14:36:38.304097Z	2026-07-07T14:36:38.304097Z
home	page_media		83362038	F3022813868419761244926460344121	6x-images-for-MMS_EVIIVE_Image-5-web-smooth-hq-white-bg.mp4	6x-images-for-MMS_EVIIVE_Image-5-web-smooth-hq-white-bg.mp4	1600	1600	860283	840.1KB	mp4	video/mp4	False	True	False	False	False	8	2026-07-07T14:37:48.430708Z	2026-07-07T14:51:57.720668Z
home	video_poster	F3022813868419761244926460344121	83362039	F3022813872791639590395624077113	6x-images-for-MMS_EVIIVE_Image-5-web-smooth-hq-white-bg.jpg	6x-images-for-MMS_EVIIVE_Image-5-web-smooth-hq-white-bg.jpg	1600	1600	184130	179.8KB	jpg	image/jpg	True	False	False	False			2026-07-07T14:37:48.559949Z	2026-07-07T14:37:48.559949Z
home	page_media		83362970	N3022828928526090462141495162681	3d-animation_social-nov-8-cargo-under-1mb-1080.webm	3d-animation_social-nov-8-cargo-under-1mb-1080.webm	1080	1080	832152	812.6KB	webm	video/webm	False	True	False	False	False	10	2026-07-07T14:51:24.821974Z	2026-07-07T14:51:57.741941Z
home	video_poster	N3022828928526090462141495162681	83362971	D3022828932768841599094692034361	3d-animation_social-nov-8-cargo-under-1mb-1080.jpg	3d-animation_social-nov-8-cargo-under-1mb-1080.jpg	1080	1080	1581125	1.5MB	jpg	image/jpg	True	False	False	False			2026-07-07T14:51:24.965831Z	2026-07-07T14:51:24.965831Z
home	page_media		83365161	Q3022869107416250897063289075513	sticker-right-bottles.png	sticker-right-bottles.png	390	285	126587	123.6KB	png	image/png	True	False	False	False			2026-07-07T15:27:42.814495Z	2026-07-07T15:27:42.814495Z
home	page_media		83365162	S3022869107342463920768450869049	scene.png	scene.png	1586	1752	2281333	2.2MB	png	image/png	True	False	False	False			2026-07-07T15:27:42.850229Z	2026-07-07T15:27:42.850229Z
home	page_media		83365163	U3022869107434697641136998627129	sticker-touchbaes.png	sticker-touchbaes.png	760	592	318989	311.5KB	png	image/png	True	False	False	False			2026-07-07T15:27:42.851290Z	2026-07-07T15:27:42.851290Z
home	page_media		83365166	N3022869107453144385210708178745	tweezer-close.png	tweezer-close.png	760	471	126317	123.4KB	png	image/png	True	False	False	False			2026-07-07T15:27:44.356533Z	2026-07-07T15:27:44.356533Z
home	page_media		83365167	V3022869107471591129284417730361	tweezer-front-arm.png	tweezer-front-arm.png	760	471	122201	119.3KB	png	image/png	True	False	False	False			2026-07-07T15:27:44.358363Z	2026-07-07T15:27:44.358363Z
home	page_media		83365168	F3022869107379357408915869972281	sticker-cat.png	sticker-cat.png	280	367	140284	137.0KB	png	image/png	True	False	False	False			2026-07-07T15:27:44.358839Z	2026-07-07T15:27:44.358839Z
home	page_media		83365169	T3022869107490037873358127281977	tweezer-open.png	tweezer-open.png	760	469	100403	98.0KB	png	image/png	True	False	False	False			2026-07-07T15:27:44.398036Z	2026-07-07T15:27:44.398036Z
home	page_media		83365170	B3022869107397804152989579523897	sticker-plant.png	sticker-plant.png	360	647	360177	351.7KB	png	image/png	True	False	False	False			2026-07-07T15:27:44.411553Z	2026-07-07T15:27:44.411553Z
home	page_media		83365171	Z3022869107360910664842160420665	sticker-cat-placed.png	sticker-cat-placed.png	484	619	395062	385.8KB	png	image/png	True	False	False	False			2026-07-07T15:27:44.423619Z	2026-07-07T15:27:44.423619Z
home	page_media		83366035	I3022888864063621280730165327673	eviive-4.png	eviive-4.png	864	480	33260	32.5KB	png	image/png	True	False	False	False			2026-07-07T15:45:33.796943Z	2026-07-07T15:45:33.796943Z
home	page_media		83366052	J3022889216322646112287762986809	eviive-3.png	eviive-3.png	1792	1008	1857486	1.8MB	png	image/png	True	False	False	False			2026-07-07T15:45:52.877625Z	2026-07-07T15:45:52.877625Z
home	page_media		83375513	O3023101186161696653964103694137	eviive-7-hires.png	eviive-7-hires.png	886	744	111743	109.1KB	png	image/png	True	False	False	False			2026-07-07T18:57:23.982725Z	2026-07-07T18:57:23.982725Z
home	page_media		83375897	Y3023108979431452450333213112121	Logo-symbol_Animation_EVIIVE-cargo.webm	Logo-symbol_Animation_EVIIVE-cargo.webm	2160	2160	883454	862.7KB	webm	video/webm	False	True	False	False	False	3	2026-07-07T19:04:26.384462Z	2026-07-07T19:13:30.525585Z
home	video_poster	Y3023108979431452450333213112121	83375898	B3023108986146067293163489900345	Logo-symbol_Animation_EVIIVE-cargo.jpg	Logo-symbol_Animation_EVIIVE-cargo.jpg	2160	2160	1433328	1.4MB	jpg	image/jpg	True	False	False	False			2026-07-07T19:04:26.615819Z	2026-07-07T19:04:26.615819Z
home	page_media		83452766	A3025118147587799346077512546105	v7-screenshot.jpg	v7-screenshot.jpg	614	614	115943	113.2KB	jpg	image/jpeg	True	False	False	False			2026-07-09T01:19:43.765030Z	2026-07-09T01:19:43.765030Z
home	page_media		83452767	R3025118182046317275766954964793	v7-postcard.jpg	v7-postcard.jpg	672	1008	1045491	1,021.0KB	jpg	image/jpeg	True	False	False	False			2026-07-09T01:19:45.506435Z	2026-07-09T01:19:45.506435Z
home	page_media		83452768	Y3025118212686359182198520198969	v7-aframe.jpg	v7-aframe.jpg	562	749	450125	439.6KB	jpg	image/jpeg	True	False	False	False			2026-07-09T01:19:47.186067Z	2026-07-09T01:19:47.186067Z
home	page_media		83452770	D3025118231022422791465814505273	mandy-photo-1.jpg	mandy-photo-1.jpg	754	1008	737438	720.2KB	jpg	image/jpeg	True	False	False	False			2026-07-09T01:19:48.031669Z	2026-07-09T01:19:48.031669Z
home	page_media		83452775	M3025118651718868136485848659769	mandy-tee.jpg	mandy-tee.jpg	1008	1008	322518	315.0KB	jpg	image/jpeg	True	False	False	False			2026-07-09T01:20:10.819816Z	2026-07-09T01:20:10.819816Z
home	page_media		83452779	E3025118669852017560942337898297	mandy-photo-2.jpg	mandy-photo-2.jpg	1225	689	740636	723.3KB	jpg	image/jpeg	True	False	False	False			2026-07-09T01:20:11.832055Z	2026-07-09T01:20:11.832055Z
home	page_media		83452782	G3025118686970596061344801797945	mandy-ig.jpg	mandy-ig.jpg	689	689	469985	459.0KB	jpg	image/jpeg	True	False	False	False			2026-07-09T01:20:12.758083Z	2026-07-09T01:20:12.758083Z
home	page_media		83453447	D3025151369269985637368204932921	OOH_Train-Station_Video-Slide-cargo-small.webm	OOH_Train-Station_Video-Slide-cargo-small.webm	1600	1062	590617	576.8KB	webm	video/webm	False	True	False	False	False	2	2026-07-09T01:49:44.665793Z	2026-07-09T02:44:47.314827Z
home	video_poster	D3025151369269985637368204932921	83453448	F3025151378087529304601370605369	OOH_Train-Station_Video-Slide-cargo-small.jpg	OOH_Train-Station_Video-Slide-cargo-small.jpg	1600	1062	3224796	3.1MB	jpg	image/jpg	True	False	False	False			2026-07-09T01:49:44.928528Z	2026-07-09T01:49:44.928528Z
home	page_media		83453465	A3025152093931879828974230615865	Freetothink_motionthecity_260303-upscaled-4x-retina.webm	Freetothink_motionthecity_260303-upscaled-4x-retina.webm	3840	960	429717	419.6KB	webm	video/webm	False	True	False	False	False	10	2026-07-09T01:50:23.728757Z	2026-07-09T02:44:47.346421Z
home	video_poster	A3025152093931879828974230615865	83453466	N3025152096385296790777600980793	Freetothink_motionthecity_260303-upscaled-4x-retina.jpg	Freetothink_motionthecity_260303-upscaled-4x-retina.jpg	3840	960	282538	275.9KB	jpg	image/jpg	True	False	False	False			2026-07-09T01:50:23.877945Z	2026-07-09T01:50:23.877945Z
home	page_media		83453548	C3025153495884429430900153431865	Freetothink_motionthecity_260303-upscaled-4x-retina.webm	Freetothink_motionthecity_260303-upscaled-4x-retina.webm	3840	960	429717	419.6KB	webm	video/webm	False	True	False	False	False	10	2026-07-09T01:51:39.829628Z	2026-07-09T02:44:47.377594Z
home	video_poster	C3025153495884429430900153431865	83453549	M3025153500108733823779640751929	Freetothink_motionthecity_260303-upscaled-4x-retina.jpg	Freetothink_motionthecity_260303-upscaled-4x-retina.jpg	3840	960	282538	275.9KB	jpg	image/jpg	True	False	False	False			2026-07-09T01:51:39.973380Z	2026-07-09T01:51:39.973380Z
home	page_media		83453634	W3025156318955695727336223192889	Mockup_Video-Truck_V7-cargo-small.webm	Mockup_Video-Truck_V7-cargo-small.webm	1280	960	599308	585.3KB	webm	video/webm	False	True	False	False	False	9	2026-07-09T01:54:12.869697Z	2026-07-09T02:44:47.412691Z
home	video_poster	W3025156318955695727336223192889	83453635	Z3025156323401361049100225132345	Mockup_Video-Truck_V7-cargo-small.jpg	Mockup_Video-Truck_V7-cargo-small.jpg	1280	960	1956952	1.9MB	jpg	image/jpg	True	False	False	False			2026-07-09T01:54:13.005620Z	2026-07-09T01:54:13.005620Z
home	page_media		83453664	K3025157075364436469796387206969	SATAIC-transformation-Comp-cargo-small.webm	SATAIC-transformation-Comp-cargo-small.webm	1080	1440	917528	896.0KB	webm	video/webm	False	True	False	False	False	5	2026-07-09T01:54:53.867445Z	2026-07-09T02:44:47.450478Z
home	video_poster	K3025157075364436469796387206969	83453665	F3025157079570294118602164975417	SATAIC-transformation-Comp-cargo-small.jpg	SATAIC-transformation-Comp-cargo-small.jpg	1080	1440	1163761	1.1MB	jpg	image/jpg	True	False	False	False			2026-07-09T01:54:54.066259Z	2026-07-09T01:54:54.066259Z
home	page_media		83453701	V3025158174716596286590825314105	hf_20260708_032138_2ca7e18b-6113-498e-9b3e-603f187014fb-alpha-small-ratio-1.5466.webm	hf_20260708_032138_2ca7e18b-6113-498e-9b3e-603f187014fb-alpha-small-ratio-1.5466.webm	1392	900	1781084	1.7MB	webm	video/webm	False	True	False	False	False	9	2026-07-09T01:55:53.450664Z	2026-07-09T02:44:47.481625Z
home	video_poster	V3025158174716596286590825314105	83453702	E3025158178461285333553864292153	hf_20260708_032138_2ca7e18b-6113-498e-9b3e-603f187014fb-alpha-small-ratio-1.jpg	hf_20260708_032138_2ca7e18b-6113-498e-9b3e-603f187014fb-alpha-small-ratio-1.jpg	1392	900	414864	405.1KB	jpg	image/jpg	True	False	False	False			2026-07-09T01:55:53.594374Z	2026-07-09T01:55:53.594374Z
home	page_media		83455655	N3025226455063083961390488663865	probe-tiny.png	probe-tiny.png	2	2	95	95.0B	png	image/png	True	False	False	False			2026-07-09T02:57:34.966148Z	2026-07-09T02:57:34.966148Z
home	page_media		83455672	L3025227139769330489341625546553	probe2.png	probe2.png	3	3	95	95.0B	png	image/png	True	False	False	False			2026-07-09T02:58:12.147085Z	2026-07-09T02:58:12.147085Z
home	page_media		83455718	J3025228033237379699463758067513	probe3.png	probe3.png	4	4	106	106.0B	png	image/png	True	False	False	False			2026-07-09T02:59:00.543614Z	2026-07-09T02:59:00.543614Z
home	page_media		83456952	J3025291037409233923710049105721	mandy-mewmew-t.png	mandy-mewmew-t.png	704	420	439965	429.7KB	png	image/png	True	False	False	False			2026-07-09T03:55:55.979663Z	2026-07-09T03:55:55.979663Z
home	page_media		83456957	A3025291300404464182587126495033	mandy-photo1-fix.jpg	mandy-photo1-fix.jpg	752	1008	203328	198.6KB	jpg	image/jpeg	True	False	False	False			2026-07-09T03:56:10.260385Z	2026-07-09T03:56:10.260385Z
home	page_media		83457350	K3025313871157983242867230422841	mandy-mewmew-v3.png	mandy-mewmew-v3.png	704	420	254379	248.4KB	png	image/png	True	False	False	False			2026-07-09T04:16:33.868143Z	2026-07-09T04:16:33.868143Z
home	page_media		83457419	I3025317449180697499940409620281	mandy-mewmew-v4.png	mandy-mewmew-v4.png	703	419	254297	248.3KB	png	image/png	True	False	False	False			2026-07-09T04:19:47.948006Z	2026-07-09T04:19:47.948006Z
home	page_media		83457456	J3025320100438989493845715629881	v7-aframe-fix.jpg	v7-aframe-fix.jpg	560	747	117834	115.1KB	jpg	image/jpeg	True	False	False	False			2026-07-09T04:22:11.535748Z	2026-07-09T04:22:11.535748Z
home	page_media		83458639	H3025362994634537346592378763065	loop-cover.jpg	loop-cover.jpg	1530	1006	333635	325.8KB	jpg	image/jpeg	True	False	False	False			2026-07-09T05:00:56.873513Z	2026-07-09T05:00:56.873513Z
home	page_media		83458640	C3025363007399684245599388481337	loop-image-2.jpg	loop-image-2.jpg	1157	1006	131992	128.9KB	jpg	image/jpeg	True	False	False	False			2026-07-09T05:00:57.589112Z	2026-07-09T05:00:57.589112Z
home	page_media		83458642	G3025363020404638817564622370617	loop-image-6.jpg	loop-image-6.jpg	577	502	48965	47.8KB	jpg	image/jpeg	True	False	False	False			2026-07-09T05:00:58.236259Z	2026-07-09T05:00:58.236259Z
home	page_media		83458755	E3025368763060536404085135947577	Loop-Wrapped_Animated-illustration-cargo-alpha.webm	Loop-Wrapped_Animated-illustration-cargo-alpha.webm	1248	1664	3470702	3.3MB	webm	video/webm	False	True	False	False	False	9	2026-07-09T05:06:09.725014Z	2026-07-09T18:50:24.388041Z
home	video_poster	E3025368763060536404085135947577	83458756	I3025368770051852408021056010041	Loop-Wrapped_Animated-illustration-cargo-alpha.jpg	Loop-Wrapped_Animated-illustration-cargo-alpha.jpg	1248	1664	3567560	3.4MB	jpg	image/jpg	True	False	False	False			2026-07-09T05:06:09.960955Z	2026-07-09T05:06:09.960955Z
home	page_media		83458759	T3025368792464646457578161223481	Loop-Card_3D-Animation-cargo.webm	Loop-Card_3D-Animation-cargo.webm	1664	1248	366367	357.8KB	webm	video/webm	False	True	False	False	False	5	2026-07-09T05:06:11.140902Z	2026-07-09T18:50:24.500003Z
home	video_poster	T3025368792464646457578161223481	83458760	Y3025368796024868063804104685369	Loop-Card_3D-Animation-cargo.jpg	Loop-Card_3D-Animation-cargo.jpg	1664	1248	2682273	2.6MB	jpg	image/jpg	True	False	False	False			2026-07-09T05:06:11.309147Z	2026-07-09T05:06:11.309147Z
home	page_media		83498182	M3026322101198229371284837939001	v3_Loop-Wrapped_Animated-illustration-cargo-small.webm	v3_Loop-Wrapped_Animated-illustration-cargo-small.webm	1440	1440	622814	608.2KB	webm	video/webm	False	True	False	False	False	9	2026-07-09T19:27:30.021673Z	2026-07-09T19:32:52.181481Z
home	video_poster	M3026322101198229371284837939001	83498183	K3026322106012829574523030910777	v3_Loop-Wrapped_Animated-illustration-cargo-small.jpg	v3_Loop-Wrapped_Animated-illustration-cargo-small.jpg	1440	1440	1408947	1.3MB	jpg	image/jpg	True	False	False	False			2026-07-09T19:27:30.174422Z	2026-07-09T19:27:30.174422Z
home	page_media		83498739	U3026333005972541800612566185785	loop-image-2-v2.jpg	loop-image-2-v2.jpg	1157	1006	133446	130.3KB	jpg	image/jpeg	True	False	False	False			2026-07-09T19:37:21.149215Z	2026-07-09T19:37:21.149215Z
home	page_media		83509859	O3026631223157680601675877365561	montran-booklet-still.jpg	montran-booklet-still.jpg	2021	1006	129101	126.1KB	jpg	image/jpeg	True	False	False	False			2026-07-10T00:06:47.617840Z	2026-07-10T00:06:47.617840Z
home	page_media		83509861	C3026631235978167732904015738681	montran-mihe.jpg	montran-mihe.jpg	1465	1006	218707	213.6KB	jpg	image/jpeg	True	False	False	False			2026-07-10T00:06:48.240226Z	2026-07-10T00:06:48.240226Z
home	page_media		83509862	A3026631249001569048942959179577	montran-map.jpg	montran-map.jpg	1375	882	114186	111.5KB	jpg	image/jpeg	True	False	False	False			2026-07-10T00:06:49.046446Z	2026-07-10T00:06:49.046446Z
home	page_media		83509863	J3026631262006523620908193068857	montran-slide169.jpg	montran-slide169.jpg	1390	781	82843	80.9KB	jpg	image/jpeg	True	False	False	False			2026-07-10T00:06:49.636918Z	2026-07-10T00:06:49.636918Z
home	page_media		83510367	C3026651793472485332597365847865	montran-icon-animation.mp4	montran-icon-animation.mp4	1280	1280	712303	695.6KB	mp4	video/mp4	False	True	False	False	False	8	2026-07-10T00:25:22.726595Z	2026-07-10T04:33:36.386265Z
home	video_poster	C3026651793472485332597365847865	83510368	T3026651797456982052518628996921	montran-icon-animation.jpg	montran-icon-animation.jpg	1280	1280	594047	580.1KB	jpg	image/jpg	True	False	False	False			2026-07-10T00:25:22.870997Z	2026-07-10T00:25:22.870997Z
home	page_media		83510369	E3026651808137646871196459382585	Montran_CSD_RS_EN-noaudio.mp4	Montran_CSD_RS_EN-noaudio.mp4	1080	1350	2266258	2.2MB	mp4	video/mp4	False	True	False	False	False	2	2026-07-10T00:25:23.446383Z	2026-07-10T04:33:36.421394Z
home	video_poster	E3026651808137646871196459382585	83510370	W3026651812509525216665623115577	Montran_CSD_RS_EN-noaudio.jpg	Montran_CSD_RS_EN-noaudio.jpg	1080	1350	347587	339.4KB	jpg	image/jpg	True	False	False	False			2026-07-10T00:25:23.648521Z	2026-07-10T00:25:23.648521Z
home	page_media		83516976	I3026934137105221498075544598329	montran-map-v2.jpg	montran-map-v2.jpg	1356	882	109986	107.4KB	jpg	image/jpeg	True	False	False	False			2026-07-10T04:40:28.716463Z	2026-07-10T04:40:28.716463Z
home	page_media		83518225	E3026982405741208482026361501497	montran-map-v3.png	montran-map-v3.png	1381	884	251326	245.4KB	png	image/png	True	False	False	False			2026-07-10T05:24:05.219964Z	2026-07-10T05:24:05.219964Z
home	page_media		83519241	Z3027026334817545613952579843897	montran-map-v4.png	montran-map-v4.png	1381	884	335787	327.9KB	png	image/png	True	False	False	False			2026-07-10T06:03:46.640932Z	2026-07-10T06:03:46.640932Z
home	page_media		83519578	A3027041725046806774273750382393	montran-booklet-poster.jpg	montran-booklet-poster.jpg	2022	1008	90581	88.5KB	jpg	image/jpeg	True	False	False	False			2026-07-10T06:17:40.957988Z	2026-07-10T06:17:40.957988Z
home	page_media		83519662	U3027048271519577372687975626553	anyday-logo-slideshow.jpg	anyday-logo-slideshow.jpg	1130	753	716431	699.6KB	jpg	image/jpeg	True	False	False	False			2026-07-10T06:23:36.252447Z	2026-07-10T06:23:36.252447Z
home	page_media		83519663	X3027048316880121049939763050297	anyday-hotel-report.jpg	anyday-hotel-report.jpg	1008	1008	314917	307.5KB	jpg	image/jpeg	True	False	False	False			2026-07-10T06:23:38.233697Z	2026-07-10T06:23:38.233697Z
home	page_media		83519665	Q3027048332393832815929495959353	anyday-money-moments.jpg	anyday-money-moments.jpg	504	504	50715	49.5KB	jpg	image/jpeg	True	False	False	False			2026-07-10T06:23:39.073244Z	2026-07-10T06:23:39.073244Z
home	page_media		83519671	L3027048668493509838917526402873	anyday-image6.jpg	anyday-image6.jpg	953	830	226007	220.7KB	jpg	image/jpeg	True	False	False	False			2026-07-10T06:23:57.279509Z	2026-07-10T06:23:57.279509Z
home	page_media		83519673	H3027048687604336699280621877049	anyday-scroller.jpg	anyday-scroller.jpg	622	830	317119	309.7KB	jpg	image/jpeg	True	False	False	False			2026-07-10T06:23:58.332269Z	2026-07-10T06:23:58.332269Z
home	page_media		83519679	N3027049860337644441291656312633	kelly-sgc30-6.jpg	kelly-sgc30-6.jpg	1047	761	1054928	1.0MB	jpg	image/jpeg	True	False	False	False			2026-07-10T06:25:02.041873Z	2026-07-10T06:25:02.041873Z
home	page_media		83519681	R3027049892102937736219504195385	kelly-sgc30-3.jpg	kelly-sgc30-3.jpg	1047	761	964103	941.5KB	jpg	image/jpeg	True	False	False	False			2026-07-10T06:25:03.617113Z	2026-07-10T06:25:03.617113Z
home	page_media		83519690	L3027050213316092291723926484793	kelly-sgc30-5.jpg	kelly-sgc30-5.jpg	1047	761	1036325	1,012.0KB	jpg	image/jpeg	True	False	False	False			2026-07-10T06:25:21.021019Z	2026-07-10T06:25:21.021019Z
home	page_media		83519691	L3027050230656031721010905003833	kelly-sgc30-1.jpg	kelly-sgc30-1.jpg	1047	761	879285	858.7KB	jpg	image/jpeg	True	False	False	False			2026-07-10T06:25:21.965438Z	2026-07-10T06:25:21.965438Z
home	page_media		83519698	B3027050613241503809747005519673	curate-image2.jpg	curate-image2.jpg	753	655	312056	304.7KB	jpg	image/jpeg	True	False	False	False			2026-07-10T06:25:42.696835Z	2026-07-10T06:25:42.696835Z
home	page_media		83519699	T3027050637849460404075547375417	curate-image1.jpg	curate-image1.jpg	1789	1008	2542569	2.4MB	jpg	image/jpeg	True	False	False	False			2026-07-10T06:25:44.039352Z	2026-07-10T06:25:44.039352Z
home	page_media		83519711	J3027050938125560435919628580665	curate-hf.jpg	curate-hf.jpg	1008	1008	586829	573.1KB	jpg	image/jpeg	True	False	False	False			2026-07-10T06:26:00.316121Z	2026-07-10T06:26:00.316121Z
home	page_media		83519713	N3027050975055942071486150915897	curate-image6.jpg	curate-image6.jpg	923	804	556739	543.7KB	jpg	image/jpeg	True	False	False	False			2026-07-10T06:26:02.320680Z	2026-07-10T06:26:02.320680Z
home	page_media		83520990	P3027108589402772607054522136377	anyday-logo-slideshow.webm	anyday-logo-slideshow.webm	2048	1364	702547	686.1KB	webm	video/webm	False	True	False	False	False	2	2026-07-10T07:18:05.858123Z	2026-07-10T07:32:03.684066Z
home	video_poster	P3027108589402772607054522136377	83520991	Z3027108597556233487634143950649	anyday-logo-slideshow.jpg	anyday-logo-slideshow.jpg	2048	1364	3749515	3.6MB	jpg	image/jpg	True	False	False	False			2026-07-10T07:18:06.035668Z	2026-07-10T07:18:06.035668Z
home	page_media		83520993	L3027108618788435916473837860665	anyday-hotel-report.webm	anyday-hotel-report.webm	1600	1600	440107	429.8KB	webm	video/webm	False	True	False	False	False	2	2026-07-10T07:18:07.179889Z	2026-07-10T07:32:03.710985Z
home	video_poster	L3027108618788435916473837860665	83520994	T3027108620983598461245274502969	anyday-hotel-report.jpg	anyday-hotel-report.jpg	1600	1600	1082515	1.0MB	jpg	image/jpg	True	False	False	False			2026-07-10T07:18:07.287923Z	2026-07-10T07:18:07.287923Z
home	page_media		83521003	W3027108934319993297275718252345	anyday-money-moments.webm	anyday-money-moments.webm	1440	1440	309807	302.5KB	webm	video/webm	False	True	False	False	False	4	2026-07-10T07:18:24.287389Z	2026-07-10T07:32:03.740703Z
home	video_poster	W3027108934319993297275718252345	83521004	N3027108936773410259079088617273	anyday-money-moments.jpg	anyday-money-moments.jpg	1440	1440	293680	286.8KB	jpg	image/jpg	True	False	False	False			2026-07-10T07:18:24.411882Z	2026-07-10T07:18:24.411882Z
home	page_media		83521005	D3027108949132728788464488199993	anyday-scroller.webm	anyday-scroller.webm	900	1200	933580	911.7KB	webm	video/webm	False	True	False	False	False	15	2026-07-10T07:18:25.084422Z	2026-07-10T07:32:03.765918Z
home	video_poster	D3027108949132728788464488199993	83521006	N3027108951383231565457053497145	anyday-scroller.jpg	anyday-scroller.jpg	900	1200	1043886	1,019.4KB	jpg	image/jpg	True	False	False	False			2026-07-10T07:18:25.189176Z	2026-07-10T07:18:25.189176Z
home	page_media		83521007	J3027108963982357767800677250873	curate-image1-vid.webm	curate-image1-vid.webm	1600	900	2500581	2.4MB	webm	video/webm	False	True	False	False	False	11	2026-07-10T07:18:25.947653Z	2026-07-10T07:32:03.801352Z
home	video_poster	J3027108963982357767800677250873	83521008	M3027108967800833791058554435385	curate-image1-vid.jpg	curate-image1-vid.jpg	1600	900	2577881	2.5MB	jpg	image/jpg	True	False	False	False			2026-07-10T07:18:26.097162Z	2026-07-10T07:18:26.097162Z
home	page_media		83563289	I3028243479473301819975751219001	anyday-logo-slideshow-v2.webm	anyday-logo-slideshow-v2.webm	2046	1364	795642	777.0KB	webm	video/webm	False	True	False	False	False	2	2026-07-11T00:23:28.355254Z	2026-07-11T00:46:34.527708Z
home	video_poster	I3028243479473301819975751219001	83563290	N3028243486593745032427638142777	anyday-logo-slideshow-v2.jpg	anyday-logo-slideshow-v2.jpg	2046	1364	3601457	3.4MB	jpg	image/jpg	True	False	False	False			2026-07-11T00:23:28.535265Z	2026-07-11T00:23:28.535265Z
home	page_media		83563291	L3028243501517160988058665400121	wtw-grid-animation.mp4	wtw-grid-animation.mp4	1920	1080	275779	269.3KB	mp4	video/mp4	False	True	False	False	False	9	2026-07-11T00:23:29.338747Z	2026-07-11T00:46:34.557739Z
home	video_poster	L3028243501517160988058665400121	83563292	U3028243508969645593837324252985	wtw-grid-animation.jpg	wtw-grid-animation.jpg	1920	1080	45656	44.6KB	jpg	image/jpg	True	False	False	False			2026-07-11T00:23:29.829100Z	2026-07-11T00:23:29.829100Z
home	page_media		83563293	K3028243512603654176358105921337	wtw-grid-image.mp4	wtw-grid-image.mp4	1080	1080	661288	645.8KB	mp4	video/mp4	False	True	False	False	False	4	2026-07-11T00:23:29.942277Z	2026-07-11T00:46:34.599026Z
home	video_poster	K3028243512603654176358105921337	83563295	O3028243518506612279945162438457	wtw-grid-image.jpg	wtw-grid-image.jpg	1080	1080	470641	459.6KB	jpg	image/jpg	True	False	False	False			2026-07-11T00:23:30.351832Z	2026-07-11T00:23:30.351832Z
home	page_media		83563308	J3028243826290537149789031151417	wtw-grid-logo.mp4	wtw-grid-logo.mp4	1080	1080	674627	658.8KB	mp4	video/mp4	False	True	False	False	False	4	2026-07-11T00:23:46.955909Z	2026-07-11T00:46:34.625109Z
home	video_poster	J3028243826290537149789031151417	83563309	Z3028243833208066177430113007417	wtw-grid-logo.jpg	wtw-grid-logo.jpg	1080	1080	82145	80.2KB	jpg	image/jpg	True	False	False	False			2026-07-11T00:23:47.314097Z	2026-07-11T00:23:47.314097Z
home	page_media		83563310	U3028243848518863758609040848697	wtw-wordmark.mp4	wtw-wordmark.mp4	1600	1600	1578307	1.5MB	mp4	video/mp4	False	True	False	False	False	9	2026-07-11T00:23:48.185951Z	2026-07-11T00:46:34.651988Z
home	video_poster	U3028243848518863758609040848697	83563311	Q3028243857133493241031401453369	wtw-wordmark.jpg	wtw-wordmark.jpg	1600	1600	113253	110.6KB	jpg	image/jpg	True	False	False	False			2026-07-11T00:23:48.709129Z	2026-07-11T00:23:48.709129Z
home	page_media		83563312	X3028243859623803690982190921529	wtw-image1.gif	wtw-image1.gif	2690	1671	3525361	3.4MB	gif	image/gif	True	False	False	False			2026-07-11T00:23:48.752844Z	2026-07-11T00:23:48.752844Z
home	page_media		83563314	M3028243870784083855576469649209	wtw-image6.gif	wtw-image6.gif	1374	1196	1220054	1.2MB	gif	image/gif	True	False	False	False			2026-07-11T00:23:49.350004Z	2026-07-11T00:23:49.350004Z
home	page_media		83563324	C3028244178623348957641467017017	wtw-lanyard.png	wtw-lanyard.png	1494	1008	619573	605.1KB	png	image/png	True	False	False	False			2026-07-11T00:24:06.041305Z	2026-07-11T00:24:06.041305Z
home	page_media		83563325	K3028244189709842145940907538233	dg-image2.gif	dg-image2.gif	960	836	997824	974.4KB	gif	image/gif	True	False	False	False			2026-07-11T00:24:06.650522Z	2026-07-11T00:24:06.650522Z
home	page_media		83563327	W3028244200907015798682605369145	dg-slides.mp4	dg-slides.mp4	1004	874	575562	562.1KB	mp4	video/mp4	False	True	False	False	False	8	2026-07-11T00:24:07.257064Z	2026-07-11T00:46:34.723817Z
home	video_poster	W3028244200907015798682605369145	83563328	K3028244207363376224480948434745	dg-slides.jpg	dg-slides.jpg	1004	874	449456	438.9KB	jpg	image/jpg	True	False	False	False			2026-07-11T00:24:07.589356Z	2026-07-11T00:24:07.589356Z
home	page_media		83563329	N3028244212085742707350593648441	randompics-slideshow.webm	randompics-slideshow.webm	900	1390	5292381	5.0MB	webm	video/webm	False	True	False	False	False	38	2026-07-11T00:24:07.850278Z	2026-07-11T00:46:34.759679Z
home	video_poster	N3028244212085742707350593648441	83563330	I3028244217748893137979425994553	randompics-slideshow.jpg	randompics-slideshow.jpg	900	1390	925623	903.9KB	jpg	image/jpg	True	False	False	False			2026-07-11T00:24:08.180203Z	2026-07-11T00:24:08.180203Z
home	page_media		83563360	R3028246196180641787402546362169	eviive-1.jpg	eviive-1.jpg	864	744	477744	466.5KB	jpg	image/jpeg	True	False	False	False			2026-07-11T00:25:55.594851Z	2026-07-11T00:25:55.594851Z
home	page_media		83563362	Y3028246221046852798763021940537	eviive-2.jpg	eviive-2.jpg	558	480	59355	58.0KB	jpg	image/jpeg	True	False	False	False			2026-07-11T00:25:56.766498Z	2026-07-11T00:25:56.766498Z
home	page_media		83563363	A3028246238423685716197419562809	eviive-3.jpg	eviive-3.jpg	1792	1008	1207007	1.2MB	jpg	image/jpeg	True	False	False	False			2026-07-11T00:25:57.706770Z	2026-07-11T00:25:57.706770Z
home	page_media		83563364	J3028246254011184458481990678329	eviive-4.jpg	eviive-4.jpg	886	744	167910	164.0KB	jpg	image/jpeg	True	False	False	False			2026-07-11T00:25:58.563859Z	2026-07-11T00:25:58.563859Z
home	page_media		83563370	Q3028246567827194640428882769721	eviive-card.jpg	eviive-card.jpg	1116	744	23416	22.9KB	jpg	image/jpeg	True	False	False	False			2026-07-11T00:26:15.581641Z	2026-07-11T00:26:15.581641Z
home	page_media		83563371	P3028246582510802923101685856057	eviive-6.jpg	eviive-6.jpg	1340	744	178285	174.1KB	jpg	image/jpeg	True	False	False	False			2026-07-11T00:26:16.368859Z	2026-07-11T00:26:16.368859Z
home	page_media		83563373	Q3028246600809973044221561059129	touchbaes-sticker-v2.png	touchbaes-sticker-v2.png	525	1213	995127	971.8KB	png	image/png	True	False	False	False			2026-07-11T00:26:17.360739Z	2026-07-11T00:26:17.360739Z
home	page_media		83563374	I3028246618297486426098215991097	purelove-1.jpg	purelove-1.jpg	1255	1568	1308621	1.2MB	jpg	image/jpeg	True	False	False	False			2026-07-11T00:26:18.311518Z	2026-07-11T00:26:18.311518Z
home	page_media		83563378	Q3028246916120169496138926831417	purelove-2.jpg	purelove-2.jpg	1089	1360	1787125	1.7MB	jpg	image/jpeg	True	False	False	False			2026-07-11T00:26:34.472467Z	2026-07-11T00:26:34.472467Z
home	page_media		83563379	G3028246944196113976324864390969	purelove-3.jpg	purelove-3.jpg	880	1100	975686	952.8KB	jpg	image/jpeg	True	False	False	False			2026-07-11T00:26:35.988870Z	2026-07-11T00:26:35.988870Z
home	page_media		83563380	N3028246960134100856009916987193	purelove-4.jpg	purelove-4.jpg	1746	1360	1129138	1.1MB	jpg	image/jpeg	True	False	False	False			2026-07-11T00:26:36.835872Z	2026-07-11T00:26:36.835872Z
home	page_media		83563381	R3028246976828404242717061199673	purelove-flash.jpg	purelove-flash.jpg	673	897	486860	475.4KB	jpg	image/jpeg	True	False	False	False			2026-07-11T00:26:37.735642Z	2026-07-11T00:26:37.735642Z
home	page_media		83563387	K3028247312208658246830419130169	dg-cover.jpg	dg-cover.jpg	1087	716	202102	197.4KB	jpg	image/jpeg	True	False	False	False			2026-07-11T00:26:55.937766Z	2026-07-11T00:26:55.937766Z
home	page_media		83563389	X3028247330895209993498194917177	dg-image3.jpg	dg-image3.jpg	823	716	205273	200.5KB	jpg	image/jpeg	True	False	False	False			2026-07-11T00:26:56.945785Z	2026-07-11T00:26:56.945785Z
home	page_media		83563390	A3028247346261347806898251413305	dg-image4.jpg	dg-image4.jpg	1789	1008	783884	765.5KB	jpg	image/jpeg	True	False	False	False			2026-07-11T00:26:57.759042Z	2026-07-11T00:26:57.759042Z
home	page_media		83563976	W3028279552690080513436351510329	anyday-logo-slideshow-v3.webm	anyday-logo-slideshow-v3.webm	2042	1364	879502	858.9KB	webm	video/webm	False	True	False	False	False	2	2026-07-11T00:56:04.040653Z	2026-07-11T02:02:04.516037Z
home	video_poster	W3028279552690080513436351510329	83563978	L3028279563315405099893053241145	anyday-logo-slideshow-v3.jpg	anyday-logo-slideshow-v3.jpg	2042	1364	3642486	3.5MB	jpg	image/jpg	True	False	False	False			2026-07-11T00:56:04.223793Z	2026-07-11T00:56:04.223793Z
home	page_media		83563979	S3028279585838879613892415764281	purelove-flash.mp4	purelove-flash.mp4	1200	1600	773941	755.8KB	mp4	video/mp4	False	True	False	False	False	2	2026-07-11T00:56:05.603400Z	2026-07-11T02:02:04.541594Z
home	video_poster	S3028279585838879613892415764281	83563980	S3028279591870964925995439142713	purelove-flash.jpg	purelove-flash.jpg	1200	1600	2780776	2.7MB	jpg	image/jpg	True	False	False	False			2026-07-11T00:56:05.772255Z	2026-07-11T00:56:05.772255Z
home	page_media		83564152	S3028289855602474049842539181881	purelove-4-v2.png	purelove-4-v2.png	1746	1360	2492349	2.4MB	png	image/png	True	False	False	False			2026-07-11T01:05:22.280021Z	2026-07-11T01:05:22.280021Z
home	page_media		83564486	W3028308513949149028916421769017	Logo-symbol_Animation_EVIIVE-cargo-h264.mp4	Logo-symbol_Animation_EVIIVE-cargo-h264.mp4	2160	2160	2416254	2.3MB	mp4	video/mp4	False	True	False	False	False	3	2026-07-11T01:22:13.723004Z	2026-07-11T02:02:04.579642Z
home	video_poster	W3028308513949149028916421769017	83564487	Z3028308519704533179913801873209	Logo-symbol_Animation_EVIIVE-cargo-h264.jpg	Logo-symbol_Animation_EVIIVE-cargo-h264.jpg	2160	2160	1170005	1.1MB	jpg	image/jpg	True	False	False	False			2026-07-11T01:22:13.887225Z	2026-07-11T01:22:13.887225Z
home	page_media		83564488	B3028308528632757311589224855353	Final_Navy_EVIIVE-Logo-Animation_Jul-2026-web-hq-1800-h264.mp4	Final_Navy_EVIIVE-Logo-Animation_Jul-2026-web-hq-1800-h264.mp4	1800	1200	305404	298.2KB	mp4	video/mp4	False	True	False	False	False	5	2026-07-11T01:22:14.391759Z	2026-07-11T02:02:04.610781Z
home	video_poster	B3028308528632757311589224855353	83564489	L3028308533059975889279517243193	Final_Navy_EVIIVE-Logo-Animation_Jul-2026-web-hq-1800-h264.jpg	Final_Navy_EVIIVE-Logo-Animation_Jul-2026-web-hq-1800-h264.jpg	1800	1200	46271	45.2KB	jpg	image/jpg	True	False	False	False			2026-07-11T01:22:14.603068Z	2026-07-11T01:22:14.603068Z
home	page_media		83564490	X3028308543445492802777994803001	OOH_Train-Station_Video-Slide-cargo-small-h264.mp4	OOH_Train-Station_Video-Slide-cargo-small-h264.mp4	1600	1062	1237939	1.2MB	mp4	video/mp4	False	True	False	False	False	2	2026-07-11T01:22:15.182110Z	2026-07-11T02:02:04.641567Z
home	video_poster	X3028308543445492802777994803001	83564491	S3028308549182430209701665355577	OOH_Train-Station_Video-Slide-cargo-small-h264.jpg	OOH_Train-Station_Video-Slide-cargo-small-h264.jpg	1600	1062	3194930	3.0MB	jpg	image/jpg	True	False	False	False			2026-07-11T01:22:15.491227Z	2026-07-11T01:22:15.491227Z
home	page_media		83564492	B3028308558313568526187893405497	Freetothink_motionthecity_260303-upscaled-4x-retina-h264.mp4	Freetothink_motionthecity_260303-upscaled-4x-retina-h264.mp4	3840	960	666666	651.0KB	mp4	video/mp4	False	True	False	False	False	10	2026-07-11T01:22:15.989849Z	2026-07-11T02:02:04.688358Z
home	video_poster	B3028308558313568526187893405497	83564493	H3028308562076704317224641935161	Freetothink_motionthecity_260303-upscaled-4x-retina-h264.jpg	Freetothink_motionthecity_260303-upscaled-4x-retina-h264.jpg	3840	960	327549	319.9KB	jpg	image/jpg	True	False	False	False			2026-07-11T01:22:16.207006Z	2026-07-11T01:22:16.207006Z
home	page_media		83564494	P3028308573144750761450372904761	Mockup_Video-Truck_V7-cargo-small-h264.mp4	Mockup_Video-Truck_V7-cargo-small-h264.mp4	1280	960	849197	829.3KB	mp4	video/mp4	False	True	False	False	False	9	2026-07-11T01:22:16.798885Z	2026-07-11T02:02:04.715999Z
home	video_poster	P3028308573144750761450372904761	83564495	R3028308579195282817627105834809	Mockup_Video-Truck_V7-cargo-small-h264.jpg	Mockup_Video-Truck_V7-cargo-small-h264.jpg	1280	960	1906100	1.8MB	jpg	image/jpg	True	False	False	False			2026-07-11T01:22:17.228032Z	2026-07-11T01:22:17.228032Z
home	page_media		83564496	V3028308587975932996712852404025	3d-animation_social-nov-8-cargo-under-1mb-1080-h264.mp4	3d-animation_social-nov-8-cargo-under-1mb-1080-h264.mp4	834	834	2879739	2.7MB	mp4	video/mp4	False	True	False	False	False	10	2026-07-11T01:22:17.582610Z	2026-07-11T02:02:04.759858Z
home	video_poster	V3028308587975932996712852404025	83564497	M3028308593675976915489103853369	3d-animation_social-nov-8-cargo-under-1mb-1080-h264.jpg	3d-animation_social-nov-8-cargo-under-1mb-1080-h264.jpg	834	834	1008076	984.4KB	jpg	image/jpg	True	False	False	False			2026-07-11T01:22:17.892932Z	2026-07-11T01:22:17.892932Z
home	page_media		83564498	X3028308602807115231975331903289	8bit-girls-final-alpha-1080-hevc.mp4	8bit-girls-final-alpha-1080-hevc.mp4	1080	1920	1208104	1.2MB	mp4	video/mp4	False	True	False	False	False	4	2026-07-11T01:22:18.400772Z	2026-07-11T02:02:04.788046Z
home	video_poster	X3028308602807115231975331903289	83564499	D3028308607012972880781109671737	8bit-girls-final-alpha-1080-hevc.jpg	8bit-girls-final-alpha-1080-hevc.jpg	1080	1920	966240	943.6KB	jpg	image/jpg	True	False	False	False			2026-07-11T01:22:18.609551Z	2026-07-11T01:22:18.609551Z
home	page_media		83564500	S3028308617638297467237811402553	SATAIC-transformation-Comp-cargo-small-h264.mp4	SATAIC-transformation-Comp-cargo-small-h264.mp4	1080	1440	1730340	1.7MB	mp4	video/mp4	False	True	False	False	False	5	2026-07-11T01:22:19.220844Z	2026-07-11T02:02:04.829204Z
home	video_poster	S3028308617638297467237811402553	83564501	H3028308621788814883822460516153	SATAIC-transformation-Comp-cargo-small-h264.jpg	SATAIC-transformation-Comp-cargo-small-h264.jpg	1080	1440	1140393	1.1MB	jpg	image/jpg	True	False	False	False			2026-07-11T01:22:19.430307Z	2026-07-11T01:22:19.430307Z
home	page_media		83564502	A3028308632451032958426581350201	hf_20260708_032138_2ca7e18b-6113-498e-9b3e-603f187014fb-alpha-small-ratio-1.5466-hevc.mp4	hf_20260708_032138_2ca7e18b-6113-498e-9b3e-603f187014fb-alpha-small-ratio-1.5466-hevc.mp4	1392	900	2127673	2.0MB	mp4	video/mp4	False	True	False	False	False	9	2026-07-11T01:22:20.001234Z	2026-07-11T02:02:04.860094Z
home	video_poster	A3028308632451032958426581350201	83564503	Q3028308636361742702053006292793	hf_20260708_032138_2ca7e18b-6113-498e-9b3e-603f187014fb-alpha-small-ratio-1.jpg	hf_20260708_032138_2ca7e18b-6113-498e-9b3e-603f187014fb-alpha-small-ratio-1.jpg	1392	900	397686	388.4KB	jpg	image/jpg	True	False	False	False			2026-07-11T01:22:20.213736Z	2026-07-11T01:22:20.213736Z
home	page_media		83564504	K3028308647282215193689060849465	v3_Loop-Wrapped_Animated-illustration-cargo-small-h264.mp4	v3_Loop-Wrapped_Animated-illustration-cargo-small-h264.mp4	1440	1440	1714764	1.6MB	mp4	video/mp4	False	True	False	False	False	9	2026-07-11T01:22:20.862995Z	2026-07-11T02:02:04.892178Z
home	video_poster	K3028308647282215193689060849465	83564505	E3028308652613324230991121266489	v3_Loop-Wrapped_Animated-illustration-cargo-small-h264.jpg	v3_Loop-Wrapped_Animated-illustration-cargo-small-h264.jpg	1440	1440	1349188	1.3MB	jpg	image/jpg	True	False	False	False			2026-07-11T01:22:21.115407Z	2026-07-11T01:22:21.115407Z
home	page_media		83564507	S3028308662094950684877830797113	Loop-Card_3D-Animation-cargo-h264.mp4	Loop-Card_3D-Animation-cargo-h264.mp4	1664	1248	826578	807.2KB	mp4	video/mp4	False	True	False	False	False	5	2026-07-11T01:22:21.618444Z	2026-07-11T02:02:04.924431Z
home	video_poster	S3028308662094950684877830797113	83564508	V3028308667333826001811343456057	Loop-Card_3D-Animation-cargo-h264.jpg	Loop-Card_3D-Animation-cargo-h264.jpg	1664	1248	2385436	2.3MB	jpg	image/jpg	True	False	False	False			2026-07-11T01:22:21.925321Z	2026-07-11T01:22:21.925321Z
home	page_media		83564509	E3028308676907686176066600744761	anyday-logo-slideshow-v3-h264.mp4	anyday-logo-slideshow-v3-h264.mp4	2042	1364	1250166	1.2MB	mp4	video/mp4	False	True	False	False	False	2	2026-07-11T01:22:22.438136Z	2026-07-11T02:02:04.951073Z
home	video_poster	E3028308676907686176066600744761	83564510	P3028308682644623582990271297337	anyday-logo-slideshow-v3-h264.jpg	anyday-logo-slideshow-v3-h264.jpg	2042	1364	3457716	3.3MB	jpg	image/jpg	True	False	False	False			2026-07-11T01:22:22.728723Z	2026-07-11T01:22:22.728723Z
home	page_media		83564511	L3028308691757315155402789795641	anyday-money-moments-h264.mp4	anyday-money-moments-h264.mp4	1440	1440	585361	571.6KB	mp4	video/mp4	False	True	False	False	False	4	2026-07-11T01:22:23.222278Z	2026-07-11T02:02:04.978075Z
home	video_poster	L3028308691757315155402789795641	83564512	F3028308697365125353810493486905	anyday-money-moments-h264.jpg	anyday-money-moments-h264.jpg	1440	1440	283266	276.6KB	jpg	image/jpg	True	False	False	False			2026-07-11T01:22:23.529836Z	2026-07-11T01:22:23.529836Z
home	page_media		83564513	G3028308706570050646591559743289	anyday-hotel-report-h264.mp4	anyday-hotel-report-h264.mp4	1600	1600	567458	554.2KB	mp4	video/mp4	False	True	False	False	False	2	2026-07-11T01:22:24.016209Z	2026-07-11T02:02:05.007568Z
home	video_poster	G3028308706570050646591559743289	83564514	N3028308709705997139122183518009	anyday-hotel-report-h264.jpg	anyday-hotel-report-h264.jpg	1600	1600	1056091	1.0MB	jpg	image/jpg	True	False	False	False			2026-07-11T01:22:24.210310Z	2026-07-11T01:22:24.210310Z
home	page_media		83564515	I3028308721419679625927748794169	anyday-scroller-h264.mp4	anyday-scroller-h264.mp4	704	939	3105144	3.0MB	mp4	video/mp4	False	True	False	False	False	15	2026-07-11T01:22:24.821368Z	2026-07-11T02:02:05.034840Z
home	video_poster	I3028308721419679625927748794169	83564516	H3028308727341084473588514862905	anyday-scroller-h264.jpg	anyday-scroller-h264.jpg	704	939	661800	646.3KB	jpg	image/jpg	True	False	False	False			2026-07-11T01:22:25.161077Z	2026-07-11T01:22:25.161077Z
home	page_media		83564517	R3028308736250861861190228293433	curate-image1-vid-h264.mp4	curate-image1-vid-h264.mp4	1600	900	4264054	4.1MB	mp4	video/mp4	False	True	False	False	False	11	2026-07-11T01:22:25.640636Z	2026-07-11T02:02:05.066063Z
home	video_poster	R3028308736250861861190228293433	83564518	G3028308740548953230364553819961	curate-image1-vid-h264.jpg	curate-image1-vid-h264.jpg	1600	900	2434696	2.3MB	jpg	image/jpg	True	False	False	False			2026-07-11T01:22:25.854836Z	2026-07-11T01:22:25.854836Z
home	page_media		83564519	L3028308751008257120157869586233	randompics-slideshow-h264.mp4	randompics-slideshow-h264.mp4	864	1334	6217065	5.9MB	mp4	video/mp4	False	True	False	False	False	38	2026-07-11T01:22:26.444566Z	2026-07-11T02:02:05.091190Z
home	video_poster	L3028308751008257120157869586233	83564520	O3028308756044218252280577177401	randompics-slideshow-h264.jpg	randompics-slideshow-h264.jpg	864	1334	754554	736.9KB	jpg	image/jpg	True	False	False	False			2026-07-11T01:22:26.692113Z	2026-07-11T01:22:26.692113Z
home	page_media		83567145	M3028473484804713691922964199225	mandy-hf-alpha-v2.mp4	mandy-hf-alpha-v2.mp4	1392	900	6443933	6.1MB	mp4	video/mp4	False	True	False	False	False	9	2026-07-11T03:51:17.060614Z	2026-07-11T04:18:56.195588Z
home	video_poster	M3028473484804713691922964199225	83567148	L3028473498824239187942223427385	mandy-hf-alpha-v2.jpg	mandy-hf-alpha-v2.jpg	1392	900	416577	406.8KB	jpg	image/jpg	True	False	False	False			2026-07-11T03:51:17.471044Z	2026-07-11T03:51:17.471044Z
home	page_media		83567146	J3028473484749373459701835544377	8bit-girls-alpha-v2.mp4	8bit-girls-alpha-v2.mp4	1080	1920	2078186	2.0MB	mp4	video/mp4	False	True	False	False	False	4	2026-07-11T03:51:17.179043Z	2026-07-11T04:18:56.131121Z
home	video_poster	J3028473484749373459701835544377	83567150	D3028473499137833837195285804857	8bit-girls-alpha-v2.jpg	8bit-girls-alpha-v2.jpg	1080	1920	986760	963.6KB	jpg	image/jpg	True	False	False	False			2026-07-11T03:51:17.522383Z	2026-07-11T03:51:17.522383Z
home	page_media		83567147	J3028473484786266947849254647609	dg-image3-v2.jpg	dg-image3-v2.jpg	820	716	78113	76.3KB	jpg	image/jpeg	True	False	False	False			2026-07-11T03:51:17.433248Z	2026-07-11T03:51:17.433248Z
home	page_media		83567149	L3028473484767820203775545095993	curate-image2-v2.jpg	curate-image2-v2.jpg	750	652	57050	55.7KB	jpg	image/jpeg	True	False	False	False			2026-07-11T03:51:17.498437Z	2026-07-11T03:51:17.498437Z
home	page_media		83567179	J3028474672885712503260345579321	dg-image3-v2.jpg	dg-image3-v2.jpg	820	716	78113	76.3KB	jpg	image/jpeg	True	False	False	False			2026-07-11T03:52:21.675863Z	2026-07-11T03:52:21.675863Z
home	page_media		83567180	R3028474672867265759186636027705	curate-image2-v2.jpg	curate-image2-v2.jpg	750	652	57050	55.7KB	jpg	image/jpeg	True	False	False	False			2026-07-11T03:52:21.787544Z	2026-07-11T03:52:21.787544Z
home	page_media		83567181	T3028474672848819015112926476089	8bit-girls-alpha-v2.mp4	8bit-girls-alpha-v2.mp4	1080	1920	2078186	2.0MB	mp4	video/mp4	False	True	False	False	False	4	2026-07-11T03:52:21.858649Z	2026-07-11T04:18:56.226697Z
home	video_poster	T3028474672848819015112926476089	83567183	K3028474690299438908842162304825	8bit-girls-alpha-v2.jpg	8bit-girls-alpha-v2.jpg	1080	1920	986760	963.6KB	jpg	image/jpg	True	False	False	False			2026-07-11T03:52:22.045024Z	2026-07-11T03:52:22.045024Z
home	page_media		83567182	D3028474672904159247334055130937	mandy-hf-alpha-v2.mp4	mandy-hf-alpha-v2.mp4	1392	900	6443933	6.1MB	mp4	video/mp4	False	True	False	False	False	9	2026-07-11T03:52:21.867286Z	2026-07-11T04:18:56.273881Z
home	video_poster	D3028474672904159247334055130937	83567184	T3028474690502353093652967372601	mandy-hf-alpha-v2.jpg	mandy-hf-alpha-v2.jpg	1392	900	416577	406.8KB	jpg	image/jpg	True	False	False	False			2026-07-11T03:52:22.069628Z	2026-07-11T03:52:22.069628Z
home	page_media		83567291	Z3028481505928652286752455178041	curate-image2-v2.jpg	curate-image2-v2.jpg	750	652	57050	55.7KB	jpg	image/jpeg	True	False	False	False			2026-07-11T03:58:31.757745Z	2026-07-11T03:58:31.757745Z
home	page_media		83567309	K3028483048076456848870970275641	8bit-girls-alpha-v2.mp4	8bit-girls-alpha-v2.mp4	1080	1920	2078186	2.0MB	mp4	video/mp4	False	True	False	False	False	4	2026-07-11T03:59:55.459317Z	2026-07-11T04:18:56.320051Z
home	video_poster	K3028483048076456848870970275641	83567311	F3028483059753245847529116448569	8bit-girls-alpha-v2.jpg	8bit-girls-alpha-v2.jpg	1080	1920	986760	963.6KB	jpg	image/jpg	True	False	False	False			2026-07-11T03:59:55.743069Z	2026-07-11T03:59:55.743069Z
home	page_media		83567310	R3028483060048393752708469274425	dg-image3-v2.jpg	dg-image3-v2.jpg	820	716	78113	76.3KB	jpg	image/jpeg	True	False	False	False			2026-07-11T03:59:55.769101Z	2026-07-11T03:59:55.769101Z
home	page_media		83567312	E3028483072094117632840806479673	mandy-hf-alpha-v2.mp4	mandy-hf-alpha-v2.mp4	1392	900	6443933	6.1MB	mp4	video/mp4	False	True	False	False	False	9	2026-07-11T03:59:56.577833Z	2026-07-11T04:18:56.358602Z
home	video_poster	E3028483072094117632840806479673	83567313	O3028483082295167105602188523321	mandy-hf-alpha-v2.jpg	mandy-hf-alpha-v2.jpg	1392	900	416577	406.8KB	jpg	image/jpg	True	False	False	False			2026-07-11T03:59:56.965282Z	2026-07-11T03:59:56.965282Z
home	page_media		83567314	J3028483084102948024825724581689	montran-pg-01.jpg	montran-pg-01.jpg	1400	788	73095	71.4KB	jpg	image/jpeg	True	False	False	False			2026-07-11T03:59:57.238177Z	2026-07-11T03:59:57.238177Z
home	page_media		83567315	J3028483096167118649031771338553	montran-pg-02.jpg	montran-pg-02.jpg	1400	788	59800	58.4KB	jpg	image/jpeg	True	False	False	False			2026-07-11T03:59:57.721856Z	2026-07-11T03:59:57.721856Z
home	page_media		83567317	J3028483108194395785090398992185	montran-pg-03.jpg	montran-pg-03.jpg	1400	788	115473	112.8KB	jpg	image/jpeg	True	False	False	False			2026-07-11T03:59:58.498881Z	2026-07-11T03:59:58.498881Z
home	page_media		83567318	Q3028483120277013153370155300665	montran-pg-04.jpg	montran-pg-04.jpg	1400	788	170124	166.1KB	jpg	image/jpeg	True	False	False	False			2026-07-11T03:59:59.113440Z	2026-07-11T03:59:59.113440Z
home	page_media		83567319	N3028483132285843545355073402681	montran-pg-05.jpg	montran-pg-05.jpg	1400	788	83060	81.1KB	jpg	image/jpeg	True	False	False	False			2026-07-11T03:59:59.658176Z	2026-07-11T03:59:59.658176Z
home	page_media		83567320	M3028483144350014169561120159545	montran-pg-06.jpg	montran-pg-06.jpg	1400	788	208592	203.7KB	jpg	image/jpeg	True	False	False	False			2026-07-11T04:00:00.653627Z	2026-07-11T04:00:00.653627Z
home	page_media		83567321	D3028483156395738049693457364793	montran-pg-07.jpg	montran-pg-07.jpg	1400	788	113138	110.5KB	jpg	image/jpeg	True	False	False	False			2026-07-11T04:00:00.995373Z	2026-07-11T04:00:00.995373Z
home	page_media		83567322	J3028483168423015185752085018425	montran-pg-08.jpg	montran-pg-08.jpg	1400	788	130417	127.4KB	jpg	image/jpeg	True	False	False	False			2026-07-11T04:00:01.855761Z	2026-07-11T04:00:01.855761Z
home	page_media		83567324	D3028483180487185809958131775289	montran-pg-09.jpg	montran-pg-09.jpg	1400	788	130914	127.8KB	jpg	image/jpeg	True	False	False	False			2026-07-11T04:00:02.467772Z	2026-07-11T04:00:02.467772Z
home	page_media		83567325	E3028483192532909690090468980537	montran-pg-10.jpg	montran-pg-10.jpg	1400	788	210238	205.3KB	jpg	image/jpeg	True	False	False	False			2026-07-11T04:00:02.946039Z	2026-07-11T04:00:02.946039Z
home	page_media		83567326	X3028483204597080314296515737401	montran-pg-11.jpg	montran-pg-11.jpg	1400	788	104086	101.6KB	jpg	image/jpeg	True	False	False	False			2026-07-11T04:00:03.746377Z	2026-07-11T04:00:03.746377Z
home	page_media		83567327	D3028483216624357450355143391033	montran-pg-12.jpg	montran-pg-12.jpg	1400	788	163547	159.7KB	jpg	image/jpeg	True	False	False	False			2026-07-11T04:00:04.439691Z	2026-07-11T04:00:04.439691Z
home	page_media		83567328	I3028483228651634586413771044665	montran-pg-13.jpg	montran-pg-13.jpg	1400	788	103782	101.3KB	jpg	image/jpeg	True	False	False	False			2026-07-11T04:00:04.898456Z	2026-07-11T04:00:04.898456Z
home	page_media		83567329	K3028483240715805210619817801529	montran-pg-14.jpg	montran-pg-14.jpg	1400	788	135051	131.9KB	jpg	image/jpeg	True	False	False	False			2026-07-11T04:00:05.696299Z	2026-07-11T04:00:05.696299Z
home	page_media		83567333	L3028483252761529090752155006777	montran-pg-15.jpg	montran-pg-15.jpg	1400	788	174843	170.7KB	jpg	image/jpeg	True	False	False	False			2026-07-11T04:00:06.268855Z	2026-07-11T04:00:06.268855Z
home	page_media		83567334	M3028483264807252970884492212025	montran-pg-16.jpg	montran-pg-16.jpg	1400	788	175049	170.9KB	jpg	image/jpeg	True	False	False	False			2026-07-11T04:00:06.850098Z	2026-07-11T04:00:06.850098Z
home	page_media		83567335	X3028483276852976851016829417273	montran-pg-17.jpg	montran-pg-17.jpg	1400	788	206353	201.5KB	jpg	image/jpeg	True	False	False	False			2026-07-11T04:00:07.628058Z	2026-07-11T04:00:07.628058Z
home	page_media		83567336	A3028483288898700731149166622521	montran-pg-18.jpg	montran-pg-18.jpg	1400	788	120912	118.1KB	jpg	image/jpeg	True	False	False	False			2026-07-11T04:00:08.240534Z	2026-07-11T04:00:08.240534Z
home	page_media		83567337	J3028483300999764843502632482617	montran-pg-19.jpg	montran-pg-19.jpg	1400	788	115762	113.0KB	jpg	image/jpeg	True	False	False	False			2026-07-11T04:00:08.824753Z	2026-07-11T04:00:08.824753Z
home	page_media		83567338	W3028483313063935467708679239481	montran-pg-20.jpg	montran-pg-20.jpg	1400	788	136523	133.3KB	jpg	image/jpeg	True	False	False	False			2026-07-11T04:00:09.509500Z	2026-07-11T04:00:09.509500Z
home	page_media		83567339	L3028483325054319115619887789881	montran-pg-21.jpg	montran-pg-21.jpg	1400	788	177125	173.0KB	jpg	image/jpeg	True	False	False	False			2026-07-11T04:00:10.189856Z	2026-07-11T04:00:10.189856Z
home	page_media		83567340	L3028483337100042995752224995129	montran-pg-22.jpg	montran-pg-22.jpg	1400	788	145334	141.9KB	jpg	image/jpeg	True	False	False	False			2026-07-11T04:00:10.835583Z	2026-07-11T04:00:10.835583Z
home	page_media		83567342	F3028483349201107108105690855225	montran-pg-23.jpg	montran-pg-23.jpg	1400	788	96725	94.5KB	jpg	image/jpeg	True	False	False	False			2026-07-11T04:00:11.478613Z	2026-07-11T04:00:11.478613Z
home	page_media		83567344	V3028483361283724476385447163705	montran-pg-24.jpg	montran-pg-24.jpg	1400	788	95787	93.5KB	jpg	image/jpeg	True	False	False	False			2026-07-11T04:00:12.149055Z	2026-07-11T04:00:12.149055Z
home	page_media		83567345	U3028483373329448356517784368953	montran-pg-25.jpg	montran-pg-25.jpg	1400	788	105800	103.3KB	jpg	image/jpeg	True	False	False	False			2026-07-11T04:00:12.739000Z	2026-07-11T04:00:12.739000Z
home	page_media		83567346	U3028483385375172236650121574201	montran-pg-26.jpg	montran-pg-26.jpg	1400	788	11653	11.4KB	jpg	image/jpeg	True	False	False	False			2026-07-11T04:00:13.532039Z	2026-07-11T04:00:13.532039Z
home	page_media		83567347	N3028483397457789604929877882681	montran-pg-27.jpg	montran-pg-27.jpg	1400	788	188974	184.5KB	jpg	image/jpeg	True	False	False	False			2026-07-11T04:00:14.092756Z	2026-07-11T04:00:14.092756Z
home	page_media		83567348	J3028483409540406973209634191161	montran-pg-28.jpg	montran-pg-28.jpg	1400	788	179613	175.4KB	jpg	image/jpeg	True	False	False	False			2026-07-11T04:00:14.691734Z	2026-07-11T04:00:14.691734Z
home	page_media		83567349	Q3028483421604577597415680948025	montran-pg-29.jpg	montran-pg-29.jpg	1400	788	118253	115.5KB	jpg	image/jpeg	True	False	False	False			2026-07-11T04:00:15.411578Z	2026-07-11T04:00:15.411578Z
home	page_media		83567350	Y3028483433687194965695437256505	montran-pg-30.jpg	montran-pg-30.jpg	1400	788	83468	81.5KB	jpg	image/jpeg	True	False	False	False			2026-07-11T04:00:16.107119Z	2026-07-11T04:00:16.107119Z
home	page_media		83567351	M3028483445732918845827774461753	montran-pg-31.jpg	montran-pg-31.jpg	1400	788	150837	147.3KB	jpg	image/jpeg	True	False	False	False			2026-07-11T04:00:16.655380Z	2026-07-11T04:00:16.655380Z
home	page_media		83567352	O3028483457815536214107530770233	montran-pg-32.jpg	montran-pg-32.jpg	1400	788	167582	163.7KB	jpg	image/jpeg	True	False	False	False			2026-07-11T04:00:17.375478Z	2026-07-11T04:00:17.375478Z
home	page_media		83567353	D3028483469842813350166158423865	montran-pg-33.jpg	montran-pg-33.jpg	1400	788	106649	104.1KB	jpg	image/jpeg	True	False	False	False			2026-07-11T04:00:17.980477Z	2026-07-11T04:00:17.980477Z
home	page_media		83567355	L3028483481962324206593333835577	montran-pg-34.jpg	montran-pg-34.jpg	1400	788	230400	225.0KB	jpg	image/jpeg	True	False	False	False			2026-07-11T04:00:18.735924Z	2026-07-11T04:00:18.735924Z
home	page_media		83567356	R3028483493989601342651961489209	montran-pg-35.jpg	montran-pg-35.jpg	1400	788	166170	162.3KB	jpg	image/jpeg	True	False	False	False			2026-07-11T04:00:19.348423Z	2026-07-11T04:00:19.348423Z
home	page_media		83567357	H3028483505979984990563170039609	montran-pg-36.jpg	montran-pg-36.jpg	1400	788	182757	178.5KB	jpg	image/jpeg	True	False	False	False			2026-07-11T04:00:19.945924Z	2026-07-11T04:00:19.945924Z
home	page_media		83567358	Y3028483518099495846990345451321	montran-pg-37.jpg	montran-pg-37.jpg	1400	788	106047	103.6KB	jpg	image/jpeg	True	False	False	False			2026-07-11T04:00:20.623964Z	2026-07-11T04:00:20.623964Z
home	page_media		83567359	L3028483530163666471196392208185	montran-pg-38.jpg	montran-pg-38.jpg	1400	788	187587	183.2KB	jpg	image/jpeg	True	False	False	False			2026-07-11T04:00:21.326086Z	2026-07-11T04:00:21.326086Z
home	page_media		83567360	G3028483542227837095402438965049	montran-pg-39.jpg	montran-pg-39.jpg	1400	788	194361	189.8KB	jpg	image/jpeg	True	False	False	False			2026-07-11T04:00:21.920679Z	2026-07-11T04:00:21.920679Z
home	page_media		83567362	J3028483554310454463682195273529	montran-pg-40.jpg	montran-pg-40.jpg	1400	788	157158	153.5KB	jpg	image/jpeg	True	False	False	False			2026-07-11T04:00:22.604386Z	2026-07-11T04:00:22.604386Z
home	page_media		83567363	F3028483566393071831961951582009	montran-pg-41.jpg	montran-pg-41.jpg	1400	788	148449	145.0KB	jpg	image/jpeg	True	False	False	False			2026-07-11T04:00:23.247778Z	2026-07-11T04:00:23.247778Z
home	page_media		83567364	A3028483578494135944315417442105	montran-pg-42.jpg	montran-pg-42.jpg	1400	788	158087	154.4KB	jpg	image/jpeg	True	False	False	False			2026-07-11T04:00:23.870411Z	2026-07-11T04:00:23.870411Z
home	page_media		83567365	Z3028483590576753312595173750585	montran-pg-43.jpg	montran-pg-43.jpg	1400	788	197187	192.6KB	jpg	image/jpeg	True	False	False	False			2026-07-11T04:00:24.673536Z	2026-07-11T04:00:24.673536Z
home	page_media		83567366	B3028483602567136960506382300985	montran-pg-44.jpg	montran-pg-44.jpg	1400	788	117042	114.3KB	jpg	image/jpeg	True	False	False	False			2026-07-11T04:00:25.210150Z	2026-07-11T04:00:25.210150Z
home	page_media		83567368	M3028483614686647816933557712697	montran-pg-45.jpg	montran-pg-45.jpg	1400	788	136002	132.8KB	jpg	image/jpeg	True	False	False	False			2026-07-11T04:00:26.025394Z	2026-07-11T04:00:26.025394Z
home	page_media		83567369	Z3028483626824605417434442676025	montran-pg-46.jpg	montran-pg-46.jpg	1400	788	170476	166.5KB	jpg	image/jpeg	True	False	False	False			2026-07-11T04:00:26.552047Z	2026-07-11T04:00:26.552047Z
home	page_media		83567370	D3028483638870329297566779881273	montran-pg-47.jpg	montran-pg-47.jpg	1400	788	229860	224.5KB	jpg	image/jpeg	True	False	False	False			2026-07-11T04:00:27.133569Z	2026-07-11T04:00:27.133569Z
home	page_media		83567371	C3028483650897606433625407534905	montran-pg-48.jpg	montran-pg-48.jpg	1400	788	132481	129.4KB	jpg	image/jpeg	True	False	False	False			2026-07-11T04:00:27.799795Z	2026-07-11T04:00:27.799795Z
home	page_media		83567372	J3028483663035564034126292498233	montran-pg-49.jpg	montran-pg-49.jpg	1400	788	234570	229.1KB	jpg	image/jpeg	True	False	False	False			2026-07-11T04:00:28.462182Z	2026-07-11T04:00:28.462182Z
home	page_media		83567373	X3028483675081287914258629703481	montran-pg-50.jpg	montran-pg-50.jpg	1400	788	206283	201.4KB	jpg	image/jpeg	True	False	False	False			2026-07-11T04:00:29.188146Z	2026-07-11T04:00:29.188146Z
home	page_media		83567374	U3028483687163905282538386011961	montran-pg-51.jpg	montran-pg-51.jpg	1400	788	205973	201.1KB	jpg	image/jpeg	True	False	False	False			2026-07-11T04:00:29.746264Z	2026-07-11T04:00:29.746264Z
home	page_media		83567375	G3028483699246522650818142320441	montran-pg-52.jpg	montran-pg-52.jpg	1400	788	167022	163.1KB	jpg	image/jpeg	True	False	False	False			2026-07-11T04:00:30.411158Z	2026-07-11T04:00:30.411158Z
home	page_media		83567376	M3028483711366033507245317732153	montran-pg-53.jpg	montran-pg-53.jpg	1400	788	324521	316.9KB	jpg	image/jpeg	True	False	False	False			2026-07-11T04:00:31.082922Z	2026-07-11T04:00:31.082922Z
home	page_media		83567377	S3028483723430204131451364489017	montran-pg-54.jpg	montran-pg-54.jpg	1400	788	125744	122.8KB	jpg	image/jpeg	True	False	False	False			2026-07-11T04:00:31.773455Z	2026-07-11T04:00:31.773455Z
home	page_media		83567378	J3028483735494374755657411245881	montran-pg-55.jpg	montran-pg-55.jpg	1400	788	172965	168.9KB	jpg	image/jpeg	True	False	False	False			2026-07-11T04:00:32.378974Z	2026-07-11T04:00:32.378974Z
home	page_media		83567379	R3028483747632332356158296209209	montran-pg-56.jpg	montran-pg-56.jpg	1400	788	379398	370.5KB	jpg	image/jpeg	True	False	False	False			2026-07-11T04:00:33.019112Z	2026-07-11T04:00:33.019112Z
home	page_media		83567380	Y3028483759696502980364342966073	montran-pg-57.jpg	montran-pg-57.jpg	1400	788	166792	162.9KB	jpg	image/jpeg	True	False	False	False			2026-07-11T04:00:33.716581Z	2026-07-11T04:00:33.716581Z
home	page_media		83567381	R3028483771742226860496680171321	montran-pg-58.jpg	montran-pg-58.jpg	1400	788	312619	305.3KB	jpg	image/jpeg	True	False	False	False			2026-07-11T04:00:34.404186Z	2026-07-11T04:00:34.404186Z
home	page_media		83567382	R3028483783861737716923855583033	montran-pg-59.jpg	montran-pg-59.jpg	1400	788	202392	197.6KB	jpg	image/jpeg	True	False	False	False			2026-07-11T04:00:35.003763Z	2026-07-11T04:00:35.003763Z
home	page_media		83567383	D3028483795944355085203611891513	montran-pg-60.jpg	montran-pg-60.jpg	1400	788	114755	112.1KB	jpg	image/jpeg	True	False	False	False			2026-07-11T04:00:35.666054Z	2026-07-11T04:00:35.666054Z
home	page_media		83567384	T3028483807990078965335949096761	montran-pg-61.jpg	montran-pg-61.jpg	1400	788	161214	157.4KB	jpg	image/jpeg	True	False	False	False			2026-07-11T04:00:36.316156Z	2026-07-11T04:00:36.316156Z
home	page_media		83567385	X3028483820072696333615705405241	montran-pg-62.jpg	montran-pg-62.jpg	1400	788	91920	89.8KB	jpg	image/jpeg	True	False	False	False			2026-07-11T04:00:37.074532Z	2026-07-11T04:00:37.074532Z
home	page_media		83567386	C3028483832192207190042880816953	montran-pg-63.jpg	montran-pg-63.jpg	1400	788	138981	135.7KB	jpg	image/jpeg	True	False	False	False			2026-07-11T04:00:37.610026Z	2026-07-11T04:00:37.610026Z
home	page_media		83567387	S3028483844311718046470056228665	montran-pg-64.jpg	montran-pg-64.jpg	1400	788	100478	98.1KB	jpg	image/jpeg	True	False	False	False			2026-07-11T04:00:38.270077Z	2026-07-11T04:00:38.270077Z
home	page_media		83567388	O3028483856357441926602393433913	montran-pg-65.jpg	montran-pg-65.jpg	1400	788	119746	116.9KB	jpg	image/jpeg	True	False	False	False			2026-07-11T04:00:38.932794Z	2026-07-11T04:00:38.932794Z
home	page_media		83567389	B3028483868440059294882149742393	montran-pg-66.jpg	montran-pg-66.jpg	1400	788	115487	112.8KB	jpg	image/jpeg	True	False	False	False			2026-07-11T04:00:39.682990Z	2026-07-11T04:00:39.682990Z
home	page_media		83567390	S3028483880504229919088196499257	montran-pg-67.jpg	montran-pg-67.jpg	1400	788	125448	122.5KB	jpg	image/jpeg	True	False	False	False			2026-07-11T04:00:40.263653Z	2026-07-11T04:00:40.263653Z
home	page_media		83567391	F3028483892586847287367952807737	montran-pg-68.jpg	montran-pg-68.jpg	1400	788	124604	121.7KB	jpg	image/jpeg	True	False	False	False			2026-07-11T04:00:40.902446Z	2026-07-11T04:00:40.902446Z
home	page_media		83567393	L3028483904632571167500290012985	montran-pg-69.jpg	montran-pg-69.jpg	1400	788	83421	81.5KB	jpg	image/jpeg	True	False	False	False			2026-07-11T04:00:41.541740Z	2026-07-11T04:00:41.541740Z
home	page_media		83567394	L3028483916678295047632627218233	montran-pg-70.jpg	montran-pg-70.jpg	1400	788	212723	207.7KB	jpg	image/jpeg	True	False	False	False			2026-07-11T04:00:42.287039Z	2026-07-11T04:00:42.287039Z
home	page_media		83567395	O3028483928779359159986093078329	montran-pg-71.jpg	montran-pg-71.jpg	1400	788	62274	60.8KB	jpg	image/jpeg	True	False	False	False			2026-07-11T04:00:42.875036Z	2026-07-11T04:00:42.875036Z
home	page_media		83588474	X3029359532558886444019799865145	eviive-sequence-6-retina.jpg	eviive-sequence-6-retina.jpg	2800	1578	228630	223.3KB	jpg	image/jpeg	True	False	False	False			2026-07-11T17:11:49.566325Z	2026-07-11T17:11:49.566325Z
home	page_media		83588475	H3029359532577333188093509416761	map-generator-retina.png	map-generator-retina.png	3200	2048	759762	742.0KB	png	image/png	True	False	False	False			2026-07-11T17:11:49.566327Z	2026-07-11T17:11:49.566327Z
home	page_media		83588476	Y3029359532614226676240928519993	touchbaes-last-retina.jpg	touchbaes-last-retina.jpg	2400	1600	1874190	1.8MB	jpg	image/jpeg	True	False	False	False			2026-07-11T17:11:49.568278Z	2026-07-11T17:11:49.568278Z
home	page_media		83588477	M3029359532595779932167218968377	montran-last-retina.jpg	montran-last-retina.jpg	2783	1566	249968	244.1KB	jpg	image/jpeg	True	False	False	False			2026-07-11T17:11:49.575280Z	2026-07-11T17:11:49.575280Z
home	page_media		83588478	K3029359532521992955872380761913	curate-last-retina.jpg	curate-last-retina.jpg	2200	1914	357450	349.1KB	jpg	image/jpeg	True	False	False	False			2026-07-11T17:11:49.576107Z	2026-07-11T17:11:49.576107Z
home	page_media		83588479	A3029359532632673420314638071609	v7-sequence-6-retina.jpg	v7-sequence-6-retina.jpg	1123	1497	456290	445.6KB	jpg	image/jpeg	True	False	False	False			2026-07-11T17:11:49.576474Z	2026-07-11T17:11:49.576474Z
home	page_media		83588480	T3029359532540439699946090313529	eviive-sequence-3-retina.jpg	eviive-sequence-3-retina.jpg	3600	2028	874321	853.8KB	jpg	image/jpeg	True	False	False	False			2026-07-11T17:11:49.578444Z	2026-07-11T17:11:49.578444Z
home	page_media		83590805	K3029442176001478510919090222905	loop-sequence-last-retina.jpg	loop-sequence-last-retina.jpg	1374	1196	479961	468.7KB	jpg	image/jpeg	True	False	False	False			2026-07-11T18:26:29.651677Z	2026-07-11T18:26:29.651677Z
home	page_media		83590806	J3029442176019925254992799774521	montran-sequence-2-retina.jpg	montran-sequence-2-retina.jpg	3200	2200	1396152	1.3MB	jpg	image/jpeg	True	False	False	False			2026-07-11T18:26:29.666656Z	2026-07-11T18:26:29.666656Z
home	page_media		83632468	A3031230889628157697836525860665	01-Logo-symbol_Animation_EVIIVE-cargo-h264-poster.jpg	01-Logo-symbol_Animation_EVIIVE-cargo-h264-poster.jpg	1600	1600	70040	68.4KB	jpg	image/jpeg	True	False	False	False			2026-07-12T21:22:36.245456Z	2026-07-12T21:22:36.245456Z
home	page_media		83632511	V3031232001837698134006521444153	02-6x-images-for-MMS_EVIIVE_Image-5-web-smooth-hq-white-bg-poster.jpg	02-6x-images-for-MMS_EVIIVE_Image-5-web-smooth-hq-white-bg-poster.jpg	1600	1600	33527	32.7KB	jpg	image/jpeg	True	False	False	False			2026-07-12T21:23:36.400222Z	2026-07-12T21:23:36.400222Z
home	page_media		83632515	B3031232030079663310855844968249	03-Final_Navy_EVIIVE-Logo-Animation_Jul-2026-web-hq-1800-h264-poster.jpg	03-Final_Navy_EVIIVE-Logo-Animation_Jul-2026-web-hq-1800-h264-poster.jpg	1600	1067	32853	32.1KB	jpg	image/jpeg	True	False	False	False			2026-07-12T21:23:37.884698Z	2026-07-12T21:23:37.884698Z
home	page_media		83632517	B3031232058413862208073716250425	04-OOH_Train-Station_Video-Slide-cargo-small-h264-poster.jpg	04-OOH_Train-Station_Video-Slide-cargo-small-h264-poster.jpg	1600	1062	288778	282.0KB	jpg	image/jpeg	True	False	False	False			2026-07-12T21:23:39.360600Z	2026-07-12T21:23:39.360600Z
home	page_media		83632519	E3031232087873312493787870181177	05-Freetothink_motionthecity_260303-upscaled-4x-retina-h264-poster.jpg	05-Freetothink_motionthecity_260303-upscaled-4x-retina-h264-poster.jpg	1600	400	39058	38.1KB	jpg	image/jpeg	True	False	False	False			2026-07-12T21:23:41.035126Z	2026-07-12T21:23:41.035126Z
home	page_media		83632520	J3031232116853147433585575769913	06-Mockup_Video-Truck_V7-cargo-small-h264-poster.jpg	06-Mockup_Video-Truck_V7-cargo-small-h264-poster.jpg	1280	960	222091	216.9KB	jpg	image/jpeg	True	False	False	False			2026-07-12T21:23:42.603492Z	2026-07-12T21:23:42.603492Z
home	page_media		83632521	P3031232147548529572238269658937	07-3d-animation_social-nov-8-cargo-under-1mb-1080-h264-poster.jpg	07-3d-animation_social-nov-8-cargo-under-1mb-1080-h264-poster.jpg	834	834	80935	79.0KB	jpg	image/jpeg	True	False	False	False			2026-07-12T21:23:44.196415Z	2026-07-12T21:23:44.196415Z
home	page_media		83632524	L3031232176454577535741137041209	08-8bit-girls-final-alpha-1080-poster.png	08-8bit-girls-final-alpha-1080-poster.png	899	1600	1728991	1.6MB	png	image/png	True	False	False	False			2026-07-12T21:23:45.762291Z	2026-07-12T21:23:45.762291Z
home	page_media		83632525	Y3031232205692666892570776352569	09-video-small-poster.jpg	09-video-small-poster.jpg	960	960	153591	150.0KB	jpg	image/jpeg	True	False	False	False			2026-07-12T21:23:47.328247Z	2026-07-12T21:23:47.328247Z
home	page_media		83632527	C3031232234580268111999934183225	10-SATAIC-transformation-Comp-cargo-small-h264-poster.jpg	10-SATAIC-transformation-Comp-cargo-small-h264-poster.jpg	1080	1440	119315	116.5KB	jpg	image/jpeg	True	False	False	False			2026-07-12T21:23:48.911154Z	2026-07-12T21:23:48.911154Z
home	page_media		83632533	N3031232263191168170323448739641	11-hf_20260708_032138_2ca7e18b-6113-498e-9b3e-603f187014fb-alpha-small-ratio-1.5466-poster.png	11-hf_20260708_032138_2ca7e18b-6113-498e-9b3e-603f187014fb-alpha-small-ratio-1.5466-poster.png	1392	900	485521	474.1KB	png	image/png	True	False	False	False			2026-07-12T21:23:50.471200Z	2026-07-12T21:23:50.471200Z
home	page_media		83632534	Y3031232291119538697919709886265	12-v3_Loop-Wrapped_Animated-illustration-cargo-small-h264-poster.jpg	12-v3_Loop-Wrapped_Animated-illustration-cargo-small-h264-poster.jpg	1440	1440	119038	116.2KB	jpg	image/jpeg	True	False	False	False			2026-07-12T21:23:52.069850Z	2026-07-12T21:23:52.069850Z
home	page_media		83632536	P3031232318789654808484037310265	13-Loop-Card_3D-Animation-cargo-h264-poster.jpg	13-Loop-Card_3D-Animation-cargo-h264-poster.jpg	1600	1200	29387	28.7KB	jpg	image/jpeg	True	False	False	False			2026-07-12T21:23:53.518854Z	2026-07-12T21:23:53.518854Z
home	page_media		83632537	G3031232346146176269795302356793	14-montran-icon-animation-poster.jpg	14-montran-icon-animation-poster.jpg	1280	1280	51461	50.3KB	jpg	image/jpeg	True	False	False	False			2026-07-12T21:23:54.971277Z	2026-07-12T21:23:54.971277Z
home	page_media		83632540	Y3031232375033777489224460187449	15-Montran_CSD_RS_EN-noaudio-poster.jpg	15-Montran_CSD_RS_EN-noaudio-poster.jpg	1080	1350	63532	62.0KB	jpg	image/jpeg	True	False	False	False			2026-07-12T21:23:56.528932Z	2026-07-12T21:23:56.528932Z
home	page_media		83632541	P3031232402132044533503791511353	16-anyday-logo-slideshow-v3-h264-poster.jpg	16-anyday-logo-slideshow-v3-h264-poster.jpg	1600	1069	170431	166.4KB	jpg	image/jpeg	True	False	False	False			2026-07-12T21:23:57.988095Z	2026-07-12T21:23:57.988095Z
home	page_media		83632543	T3031232431296346914038592616249	17-anyday-money-moments-h264-poster.jpg	17-anyday-money-moments-h264-poster.jpg	1440	1440	68650	67.0KB	jpg	image/jpeg	True	False	False	False			2026-07-12T21:23:59.573983Z	2026-07-12T21:23:59.573983Z
home	page_media		83632544	R3031232462416004166386606192441	18-anyday-hotel-report-h264-poster.jpg	18-anyday-hotel-report-h264-poster.jpg	1600	1600	143134	139.8KB	jpg	image/jpeg	True	False	False	False			2026-07-12T21:24:01.252797Z	2026-07-12T21:24:01.252797Z
home	page_media		83632545	M3031232490676416087309639268153	19-anyday-scroller-h264-poster.jpg	19-anyday-scroller-h264-poster.jpg	704	938	54888	53.6KB	jpg	image/jpeg	True	False	False	False			2026-07-12T21:24:02.788023Z	2026-07-12T21:24:02.788023Z
home	page_media		83632546	F3031232519896058700065569027897	20-curate-image1-vid-h264-poster.jpg	20-curate-image1-vid-h264-poster.jpg	1600	900	142690	139.3KB	jpg	image/jpeg	True	False	False	False			2026-07-12T21:24:04.377665Z	2026-07-12T21:24:04.377665Z
home	page_media		83632547	F3031232547566174810629896451897	21-randompics-slideshow-h264-poster.jpg	21-randompics-slideshow-h264-poster.jpg	864	1334	47098	46.0KB	jpg	image/jpeg	True	False	False	False			2026-07-12T21:24:05.876078Z	2026-07-12T21:24:05.876078Z
home	page_media		83632550	N3031232577062518584491469485881	22-purelove-flash-poster.jpg	22-purelove-flash-poster.jpg	1200	1600	168329	164.4KB	jpg	image/jpeg	True	False	False	False			2026-07-12T21:24:07.479470Z	2026-07-12T21:24:07.479470Z
home	page_media		83632553	N3031232606872457007606104897337	23-dg-slides-poster.jpg	23-dg-slides-poster.jpg	1004	874	50588	49.4KB	jpg	image/jpeg	True	False	False	False			2026-07-12T21:24:09.098451Z	2026-07-12T21:24:09.098451Z
home	page_media		83632554	L3031232634561019862244141872953	24-wtw-wordmark-poster.jpg	24-wtw-wordmark-poster.jpg	1600	1600	38502	37.6KB	jpg	image/jpeg	True	False	False	False			2026-07-12T21:24:10.599709Z	2026-07-12T21:24:10.599709Z
home	page_media		83632555	P3031232663448621081673299703609	25-wtw-grid-logo-poster.jpg	25-wtw-grid-logo-poster.jpg	1080	1080	48983	47.8KB	jpg	image/jpeg	True	False	False	False			2026-07-12T21:24:12.162923Z	2026-07-12T21:24:12.162923Z
home	page_media		83632558	S3031232692022627651849395156793	26-wtw-grid-image-poster.jpg	26-wtw-grid-image-poster.jpg	1080	1080	45829	44.8KB	jpg	image/jpeg	True	False	False	False			2026-07-12T21:24:13.716902Z	2026-07-12T21:24:13.716902Z
home	page_media		83632559	P3031232719434489345381788858169	27-wtw-grid-animation-poster.jpg	27-wtw-grid-animation-poster.jpg	1600	900	23647	23.1KB	jpg	image/jpeg	True	False	False	False			2026-07-12T21:24:15.196932Z	2026-07-12T21:24:15.196932Z
home	page_media		83632561	F3031232748377430797032075343673	touchbaes-game-poster.png	touchbaes-game-poster.png	780	945	515052	503.0KB	png	image/png	True	False	False	False			2026-07-12T21:24:16.772603Z	2026-07-12T21:24:16.772603Z
home	page_media		83632564	F3031232775678612026122211735353	v7-cup-poster.png	v7-cup-poster.png	900	900	109092	106.5KB	png	image/png	True	False	False	False			2026-07-12T21:24:18.281852Z	2026-07-12T21:24:18.281852Z
home	page_media		83717436	N3033679711819606956405208692537	Final_Profile-Pic_CHY-cargo.mp4	Final_Profile-Pic_CHY-cargo.mp4	1200	1500	434070	423.9KB	mp4	video/mp4	False	True	False	False	False	4	2026-07-14T10:15:07.000479Z	2026-07-14T15:43:40.721835Z
home	video_poster	N3033679711819606956405208692537	83717437	P3033679720600257135490955261753	Final_Profile-Pic_CHY-cargo.jpg	Final_Profile-Pic_CHY-cargo.jpg	1200	1500	2533412	2.4MB	jpg	image/jpg	True	False	False	False			2026-07-14T10:15:07.279008Z	2026-07-14T10:15:07.279008Z
home	page_media		83717459	I3033680248822773686163965785913	Final_Profile-Pic_CCH-cargo.mp4	Final_Profile-Pic_CCH-cargo.mp4	1200	1500	450139	439.6KB	mp4	video/mp4	False	True	False	False	False	4	2026-07-14T10:15:35.916456Z	2026-07-14T15:43:40.774276Z
home	video_poster	I3033680248822773686163965785913	83717460	L3033680252087847387210556421945	Final_Profile-Pic_CCH-cargo.jpg	Final_Profile-Pic_CCH-cargo.jpg	1200	1500	2596811	2.5MB	jpg	image/jpg	True	False	False	False			2026-07-14T10:15:36.091288Z	2026-07-14T10:15:36.091288Z
home	page_media		83717535	Q3033681750147933613163243157305	Final_Profile-Pic_CCH-cargo.mp4	Final_Profile-Pic_CCH-cargo.mp4	1200	1500	450139	439.6KB	mp4	video/mp4	False	True	False	False	False	4	2026-07-14T10:16:57.374488Z	2026-07-14T15:43:40.819672Z
home	video_poster	Q3033681750147933613163243157305	83717537	H3033681755331468697875627161401	Final_Profile-Pic_CCH-cargo.jpg	Final_Profile-Pic_CCH-cargo.jpg	1200	1500	2596811	2.5MB	jpg	image/jpg	True	False	False	False			2026-07-14T10:16:57.574838Z	2026-07-14T10:16:57.574838Z
home	page_media		83717555	P3033682180713387037617887426361	Final_Profile-Pic_CHY-cargo-poster.jpg	Final_Profile-Pic_CHY-cargo-poster.jpg	600	750	58180	56.8KB	jpg	image/jpeg	True	False	False	False			2026-07-14T10:17:20.695312Z	2026-07-14T10:17:20.695312Z
home	page_media		83717589	Z3033683283201493346942949308217	Final_Profile-Pic_CHY-cargo-poster.jpg	Final_Profile-Pic_CHY-cargo-poster.jpg	600	750	58180	56.8KB	jpg	image/jpeg	True	False	False	False			2026-07-14T10:18:20.696222Z	2026-07-14T10:18:20.696222Z
home	page_media		83717646	A3033684599708724399446229038905	Final_Profile-Pic_CCH-cargo-poster.jpg	Final_Profile-Pic_CCH-cargo-poster.jpg	600	750	68699	67.1KB	jpg	image/jpeg	True	False	False	False			2026-07-14T10:19:31.933143Z	2026-07-14T10:19:31.933143Z
home	page_media		83717889	L3033690042697264508555076613945	Final_Profile-Pic_CHY-cargo-poster.jpg	Final_Profile-Pic_CHY-cargo-poster.jpg	600	750	58180	56.8KB	jpg	image/jpeg	True	False	False	False			2026-07-14T10:24:27.010519Z	2026-07-14T10:24:27.010519Z
home	page_media		83718073	K3033694276759985003034749482809	Final_Profile-Pic_CHY-cargo-poster.jpg	Final_Profile-Pic_CHY-cargo-poster.jpg	600	750	58180	56.8KB	jpg	image/jpeg	True	False	False	False			2026-07-14T10:28:16.485915Z	2026-07-14T10:28:16.485915Z
home	page_media		83718249	S3033696405514251109117005969209	profile-chy-poster.jpg	profile-chy-poster.jpg	600	750	58180	56.8KB	jpg	image/jpeg	True	False	False	False			2026-07-14T10:30:11.896049Z	2026-07-14T10:30:11.896049Z
home	page_media		83718268	W3033697092268086229249903081273	profile-chy.mp4	profile-chy.mp4	1200	1500	434070	423.9KB	mp4	video/mp4	False	True	False	False	False	4	2026-07-14T10:30:49.027266Z	2026-07-14T15:43:40.945712Z
home	video_poster	W3033697092268086229249903081273	83718269	Z3033697097396281081741158430521	profile-chy.jpg	profile-chy.jpg	1200	1500	2533412	2.4MB	jpg	image/jpg	True	False	False	False			2026-07-14T10:30:49.293725Z	2026-07-14T10:30:49.293725Z
home	page_media		83718318	E3033698590162151758539203852089	profile-chy-poster.jpg	profile-chy-poster.jpg	600	750	58180	56.8KB	jpg	image/jpeg	True	False	False	False			2026-07-14T10:32:10.547355Z	2026-07-14T10:32:10.547355Z
home	page_media		83718721	C3033703303563517008361575462713	profile-chy-poster.jpg	profile-chy-poster.jpg	600	750	58180	56.8KB	jpg	image/jpeg	True	False	False	False			2026-07-14T10:36:25.865857Z	2026-07-14T10:36:25.865857Z
home	page_media		83719142	A3033712492901311047143260731193	profile-cch-poster.jpg	profile-cch-poster.jpg	600	750	68699	67.1KB	jpg	image/jpeg	True	False	False	False			2026-07-14T10:44:44.012675Z	2026-07-14T10:44:44.012675Z
home	page_media		83719180	M3033713145657796839429454214969	profile-cch.mp4	profile-cch.mp4	1200	1500	450139	439.6KB	mp4	video/mp4	False	True	False	False	False	4	2026-07-14T10:45:19.294311Z	2026-07-14T15:43:41.029080Z
home	video_poster	M3033713145657796839429454214969	83719181	R3033713149476272862687331399481	profile-cch.jpg	profile-cch.jpg	1200	1500	2596811	2.5MB	jpg	image/jpg	True	False	False	False			2026-07-14T10:45:19.540696Z	2026-07-14T10:45:19.540696Z
