page,kind,freight_id,filename,original_url,http_status,probe_method,content_type,byte_size,etag,last_modified,cache_control,accept_ranges,content_range,error_class,natural_width,natural_height,codec,pixel_format,duration_seconds,dimension_probe_error,sha256,downloaded_bytes,hash_error
home,embed,E3031754669080377521238157342521,touchbaes-sticker-game-v10.html,https://freight.cargo.site/m/E3031754669080377521238157342521/touchbaes-sticker-game-v10.html,200,HEAD,text/html,49140,"""6a5e97d3-bff4""","Mon, 20 Jul 2026 21:49:07 GMT",max-age=31536000,none,,,,,,,,,2c4f2c12a8d049ab0805fb8f72f246a95e715154671d5fd8cc808407995afcb5,49140,
home,embed,U3034412351395654863674388559673,montran-booklet-direct-pdf-v17.html,https://freight.cargo.site/m/U3034412351395654863674388559673/montran-booklet-direct-pdf-v17.html,200,HEAD,text/html,1936356,"""6a5e346a-1d8be4""","Mon, 20 Jul 2026 14:44:58 GMT",max-age=31536000,none,,,,,,,,,825cf2c3a1f130cb3445e62443985e845991204d19e0c2154cfd43a36126b49b,1936356,
home,embed,Z3031274916472238420423367767865,coffee-cup-bundle.html,https://freight.cargo.site/m/Z3031274916472238420423367767865/coffee-cup-bundle.html,200,HEAD,text/html,780341,"""6a5e97d3-be835""","Mon, 20 Jul 2026 21:49:07 GMT",max-age=31536000,none,,,,,,,,,ee09e9c282d928f8968b91e1301bc0ba2639102a27c1bf1cd40483ab1b609d0a,780341,
home,image,A3025291300404464182587126495033,mandy-photo1-fix.jpg,https://freight.cargo.site/t/original/i/A3025291300404464182587126495033/mandy-photo1-fix.jpg,200,HEAD,image/jpeg,203328,,"Mon, 20 Jul 2026 22:29:42 GMT","max-age=31536000, immutable",,,,752,1008,mjpeg,yuvj420p,0.040000,,4f3e46252046f677643a2ffa13a73be035353b3879dfdd2525adb1ba01ac2e2a,203328,
home,image,A3028247346261347806898251413305,dg-image4.jpg,https://freight.cargo.site/t/original/i/A3028247346261347806898251413305/dg-image4.jpg,200,HEAD,image/jpeg,783884,"""6a5ea155-bf60c""","Mon, 20 Jul 2026 22:29:41 GMT",max-age=31536000,none,,,1789,1008,mjpeg,yuvj444p,0.040000,,9eb27f4eb5bb0d0e62d8f36313bdb29dc179cc953578af8e8f33ca2d702a9b94,783884,
home,image,A3029359532632673420314638071609,v7-sequence-6-retina.jpg,https://freight.cargo.site/t/original/i/A3029359532632673420314638071609/v7-sequence-6-retina.jpg,200,HEAD,image/jpeg,456290,,"Mon, 20 Jul 2026 22:29:41 GMT","max-age=31536000, immutable",,,,1123,1497,mjpeg,yuvj444p,0.040000,,5ab496c69cfad74b15f86ede7e8caa51b1266bd5ae0db27bae1d574e5791a724,456290,
home,image,A3031230889628157697836525860665,01-Logo-symbol_Animation_EVIIVE-cargo-h264-poster.jpg,https://freight.cargo.site/t/original/i/A3031230889628157697836525860665/01-Logo-symbol_Animation_EVIIVE-cargo-h264-poster.jpg,200,HEAD,image/jpeg,70040,,"Mon, 20 Jul 2026 22:29:42 GMT","max-age=31536000, immutable",,,,1600,1600,mjpeg,yuvj420p,0.040000,,54f1ac2ec33cf96ec717d6aa7e464c9a8423787ab207cc26e0022c1a23470e6c,70040,
home,image,B3031232030079663310855844968249,03-Final_Navy_EVIIVE-Logo-Animation_Jul-2026-web-hq-1800-h264-poster.jpg,https://freight.cargo.site/t/original/i/B3031232030079663310855844968249/03-Final_Navy_EVIIVE-Logo-Animation_Jul-2026-web-hq-1800-h264-poster.jpg,200,HEAD,image/jpeg,32853,,"Mon, 20 Jul 2026 22:29:42 GMT","max-age=31536000, immutable",,,,1600,1067,mjpeg,yuvj420p,0.040000,,cf23924519011d95ca8842e8c756004e4cf6e21acddc48b6d2a96960500b1ce4,32853,
home,image,B3031232058413862208073716250425,04-OOH_Train-Station_Video-Slide-cargo-small-h264-poster.jpg,https://freight.cargo.site/t/original/i/B3031232058413862208073716250425/04-OOH_Train-Station_Video-Slide-cargo-small-h264-poster.jpg,200,HEAD,image/jpeg,288778,"""6a5ea156-4680a""","Mon, 20 Jul 2026 22:29:42 GMT",max-age=31536000,none,,,1600,1062,mjpeg,yuvj420p,0.040000,,1ecfbecb3d9dcbdd8081ac4850440c05ef2064ae68f8d06e7325755e03026783,288778,
home,image,C3028244178623348957641467017017,wtw-lanyard.png,https://freight.cargo.site/t/original/i/C3028244178623348957641467017017/wtw-lanyard.png,200,HEAD,image/png,619573,,"Mon, 20 Jul 2026 22:29:41 GMT","max-age=31536000, immutable",,,,1494,1008,png,rgba,,,c8979156a5de837a3610c3e80c1a7531aa5319c5ab07bb9779d6bf70d438242c,619573,
home,image,C3031232234580268111999934183225,10-SATAIC-transformation-Comp-cargo-small-h264-poster.jpg,https://freight.cargo.site/t/original/i/C3031232234580268111999934183225/10-SATAIC-transformation-Comp-cargo-small-h264-poster.jpg,200,HEAD,image/jpeg,119315,"""6a5ea156-1d213""","Mon, 20 Jul 2026 22:29:42 GMT",max-age=31536000,none,,,1080,1440,mjpeg,yuvj420p,0.040000,,042adcc2fd522d393c86da356d4df2dcfb43dc3f216c21009cdc2957909a7988,119315,
home,image,E3025118669852017560942337898297,mandy-photo-2.jpg,https://freight.cargo.site/t/original/i/E3025118669852017560942337898297/mandy-photo-2.jpg,200,HEAD,image/jpeg,740636,"""6a5ea155-b4d1c""","Mon, 20 Jul 2026 22:29:41 GMT",max-age=31536000,none,,,1225,689,mjpeg,yuvj444p,0.040000,,186050632b7117e1748a3f1dae7c7593d0c6b24bbef5451c30b7919e3144bb9b,740636,
home,image,E3031232087873312493787870181177,05-Freetothink_motionthecity_260303-upscaled-4x-retina-h264-poster.jpg,https://freight.cargo.site/t/original/i/E3031232087873312493787870181177/05-Freetothink_motionthecity_260303-upscaled-4x-retina-h264-poster.jpg,200,HEAD,image/jpeg,39058,,"Mon, 20 Jul 2026 22:29:42 GMT","max-age=31536000, immutable",,,,1600,400,mjpeg,yuvj420p,0.040000,,95aeb09ff712240bd7cb56b51d9c913d35e396388aac597d985cd7ecfd75da0a,39058,
home,image,F3031232519896058700065569027897,20-curate-image1-vid-h264-poster.jpg,https://freight.cargo.site/t/original/i/F3031232519896058700065569027897/20-curate-image1-vid-h264-poster.jpg,200,HEAD,image/jpeg,142690,"""6a5ea156-22d62""","Mon, 20 Jul 2026 22:29:42 GMT",max-age=31536000,none,,,1600,900,mjpeg,yuvj420p,0.040000,,f941dc9c138b60ea145ca017abe899e8b057dc27b37a8a44ca442b01a0919076,142690,
home,image,F3031232547566174810629896451897,21-randompics-slideshow-h264-poster.jpg,https://freight.cargo.site/t/original/i/F3031232547566174810629896451897/21-randompics-slideshow-h264-poster.jpg,200,HEAD,image/jpeg,47098,"""6a5ea157-b7fa""","Mon, 20 Jul 2026 22:29:43 GMT",max-age=31536000,none,,,864,1334,mjpeg,yuvj420p,0.040000,,50925b80769483b485ed83c2884cb9156cc19253c898c8d825484108d4485f18,47098,
home,image,F3031232775678612026122211735353,v7-cup-poster.png,https://freight.cargo.site/t/original/i/F3031232775678612026122211735353/v7-cup-poster.png,200,HEAD,image/png,109092,"""6a5ea155-1aa24""","Mon, 20 Jul 2026 22:29:41 GMT",max-age=31536000,none,,,900,900,png,rgba,,,caa8fc06d8ce35788f2b6a6ba80e5c5e8d2fd60dde2a61125d4560c7278906b8,109092,
home,image,G3025118686970596061344801797945,mandy-ig.jpg,https://freight.cargo.site/t/original/i/G3025118686970596061344801797945/mandy-ig.jpg,200,HEAD,image/jpeg,469985,"""6a5ea156-72be1""","Mon, 20 Jul 2026 22:29:42 GMT",max-age=31536000,none,,,689,689,mjpeg,yuvj444p,0.040000,,8ad9e689ab78c36e30e190310d374d9569aa90bf784ee87fe9ee59ff3612f6b1,469985,
home,image,G3028246944196113976324864390969,purelove-3.jpg,https://freight.cargo.site/t/original/i/G3028246944196113976324864390969/purelove-3.jpg,200,HEAD,image/jpeg,975686,"""6a5ea156-ee346""","Mon, 20 Jul 2026 22:29:42 GMT",max-age=31536000,none,,,880,1100,mjpeg,yuvj444p,0.040000,,133c429f782f52affd00c0420a82a5ab32773c61bb202b3f694cb8572072c6e9,975686,
home,image,G3031232346146176269795302356793,14-montran-icon-animation-poster.jpg,https://freight.cargo.site/t/original/i/G3031232346146176269795302356793/14-montran-icon-animation-poster.jpg,200,HEAD,image/jpeg,51461,,"Mon, 20 Jul 2026 22:29:42 GMT","max-age=31536000, immutable",,,,1280,1280,mjpeg,yuvj420p,0.040000,,41e960e13947c75022b17e6ea0ab3ef25b14cd776ac60067f31cbb7262d73668,51461,
home,image,H3025362994634537346592378763065,loop-cover.jpg,https://freight.cargo.site/t/original/i/H3025362994634537346592378763065/loop-cover.jpg,200,HEAD,image/jpeg,333635,"""6a5ea155-51743""","Mon, 20 Jul 2026 22:29:41 GMT",max-age=31536000,none,,,1530,1006,mjpeg,yuvj420p,0.040000,,17bcf20a3d9b0fade2303b58c57385cbae18db82ee2084faa48bf3c0501088ff,333635,
home,image,H3029359532577333188093509416761,map-generator-retina.png,https://freight.cargo.site/t/original/i/H3029359532577333188093509416761/map-generator-retina.png,200,HEAD,image/png,759762,,"Mon, 20 Jul 2026 22:29:42 GMT","max-age=31536000, immutable",,,,3200,2048,png,rgba,,,227f52c186b3949740ed947126dca2c24b471e45b9dbe901c4e469dce7b2d5e4,759762,
home,image,I3025317449180697499940409620281,mandy-mewmew-v4.png,https://freight.cargo.site/t/original/i/I3025317449180697499940409620281/mandy-mewmew-v4.png,200,HEAD,image/png,254297,"""6a5ea156-3e159""","Mon, 20 Jul 2026 22:29:42 GMT",max-age=31536000,none,,,703,419,png,rgba,,,152a9f5c5f157aec59f47a504a54c643186a6ab665ff4118af921cbde4b48e43,254297,
home,image,I3028246618297486426098215991097,purelove-1.jpg,https://freight.cargo.site/t/original/i/I3028246618297486426098215991097/purelove-1.jpg,200,HEAD,image/jpeg,1308621,"""6a5ea156-13f7cd""","Mon, 20 Jul 2026 22:29:42 GMT",max-age=31536000,none,,,1255,1568,mjpeg,yuvj444p,0.040000,,f7c01b72c3113c589790d84f0388f663378e796aea22026f515f0d46fa2ae5da,1308621,
home,image,J3022057905776630719280532993849,touchbaes-booking.jpg,https://freight.cargo.site/t/original/i/J3022057905776630719280532993849/touchbaes-booking.jpg,200,HEAD,image/jpeg,652881,,"Mon, 20 Jul 2026 22:29:42 GMT","max-age=31536000, immutable",,,,807,1008,mjpeg,yuvj444p,0.040000,,844d3a2f5813962c48570ab141a22e021fca7062582d980ded960ca0c0a01b5e,652881,
home,image,J3027050938125560435919628580665,curate-hf.jpg,https://freight.cargo.site/t/original/i/J3027050938125560435919628580665/curate-hf.jpg,200,HEAD,image/jpeg,586829,,"Mon, 20 Jul 2026 22:29:41 GMT","max-age=31536000, immutable",,,,1008,1008,mjpeg,yuvj444p,0.040000,,6f7c8ed1d8fea0664dd7c4522b6e575297ef1c65016b95fdb0478b26e4968361,586829,
home,image,J3028246254011184458481990678329,eviive-4.jpg,https://freight.cargo.site/t/original/i/J3028246254011184458481990678329/eviive-4.jpg,200,HEAD,image/jpeg,167910,"""6a5ea156-28fe6""","Mon, 20 Jul 2026 22:29:42 GMT",max-age=31536000,none,,,886,744,mjpeg,yuvj444p,0.040000,,389c45aaf4c86ffe2ffe3aaa4c26a1010919ed41eaa751f3568bc663804223da,167910,
home,image,J3029442176019925254992799774521,montran-sequence-2-retina.jpg,https://freight.cargo.site/t/original/i/J3029442176019925254992799774521/montran-sequence-2-retina.jpg,200,HEAD,image/jpeg,1396152,"""6a5ea156-154db8""","Mon, 20 Jul 2026 22:29:42 GMT",max-age=31536000,none,,,3200,2200,mjpeg,yuvj420p,0.040000,,7d5f5303990176c8ac061f37bb8f895d27887af682d8542f2cd5565051d5f5ad,1396152,
home,image,J3031232116853147433585575769913,06-Mockup_Video-Truck_V7-cargo-small-h264-poster.jpg,https://freight.cargo.site/t/original/i/J3031232116853147433585575769913/06-Mockup_Video-Truck_V7-cargo-small-h264-poster.jpg,200,HEAD,image/jpeg,222091,"""6a5ea158-3638b""","Mon, 20 Jul 2026 22:29:44 GMT",max-age=31536000,none,,,1280,960,mjpeg,yuvj420p,0.040000,,8b8fb0d370f074e961480a50870338e2a05d03e125e57c2615fe907e99fdcaf5,222091,
home,image,K3028244189709842145940907538233,dg-image2.gif,https://freight.cargo.site/t/original/i/K3028244189709842145940907538233/dg-image2.gif,200,HEAD,image/gif,997824,,"Mon, 20 Jul 2026 22:29:41 GMT","max-age=31536000, immutable",,,,960,836,gif,bgra,5.150000,,5d34b0e5d69292a26f2d9a7f839231e76b20a3029ef03c50471f4650a027f0f0,997824,
home,image,K3028247312208658246830419130169,dg-cover.jpg,https://freight.cargo.site/t/original/i/K3028247312208658246830419130169/dg-cover.jpg,200,HEAD,image/jpeg,202102,"""6a5ea155-31576""","Mon, 20 Jul 2026 22:29:41 GMT",max-age=31536000,none,,,1087,716,mjpeg,yuvj444p,0.040000,,111bebde044ea3a18549830ccbdcb572be0c4e2ee7befd6382fc40d2e9f0dc03,202102,
home,image,K3029359532521992955872380761913,curate-last-retina.jpg,https://freight.cargo.site/t/original/i/K3029359532521992955872380761913/curate-last-retina.jpg,200,HEAD,image/jpeg,357450,"""6a5ea156-5744a""","Mon, 20 Jul 2026 22:29:42 GMT",max-age=31536000,none,,,2200,1914,mjpeg,yuvj444p,0.040000,,ad29f492a56eb0090430ca0e659c48cf6553f63447f636053a786ee55b17d34c,357450,
home,image,K3029442176001478510919090222905,loop-sequence-last-retina.jpg,https://freight.cargo.site/t/original/i/K3029442176001478510919090222905/loop-sequence-last-retina.jpg,200,HEAD,image/jpeg,479961,,"Mon, 20 Jul 2026 22:29:41 GMT","max-age=31536000, immutable",,,,1374,1196,mjpeg,yuvj420p,0.040000,,ef73dadf122e89c74978bd0d9ee197e42526def8e1d03ec9102da559d56e0d40,479961,
home,image,L3027048668493509838917526402873,anyday-image6.jpg,https://freight.cargo.site/t/original/i/L3027048668493509838917526402873/anyday-image6.jpg,200,HEAD,image/jpeg,226007,,"Mon, 20 Jul 2026 22:29:42 GMT","max-age=31536000, immutable",,,,953,830,mjpeg,yuvj444p,0.040000,,6e723cf557a3edf2e4fa1a78213f990d43cc2e7f59537e87a6835995964f81df,226007,
home,image,L3027050213316092291723926484793,kelly-sgc30-5.jpg,https://freight.cargo.site/t/original/i/L3027050213316092291723926484793/kelly-sgc30-5.jpg,200,HEAD,image/jpeg,1036325,"""6a5ea155-fd025""","Mon, 20 Jul 2026 22:29:41 GMT",max-age=31536000,none,,,1047,761,mjpeg,yuvj444p,0.040000,,c5564b03d18c5063b498bc3b83960668f4fec134da263ed1757ecfe8fb725459,1036325,
home,image,L3027050230656031721010905003833,kelly-sgc30-1.jpg,https://freight.cargo.site/t/original/i/L3027050230656031721010905003833/kelly-sgc30-1.jpg,200,HEAD,image/jpeg,879285,"""6a5ea155-d6ab5""","Mon, 20 Jul 2026 22:29:41 GMT",max-age=31536000,none,,,1047,761,mjpeg,yuvj444p,0.040000,,1146aff8456987ba0b253bb4a78157120e39a54a43cbc7d80d2d5fb4a05c30be,879285,
home,image,L3031232176454577535741137041209,08-8bit-girls-final-alpha-1080-poster.png,https://freight.cargo.site/t/original/i/L3031232176454577535741137041209/08-8bit-girls-final-alpha-1080-poster.png,200,HEAD,image/png,1728991,,"Mon, 20 Jul 2026 22:29:42 GMT","max-age=31536000, immutable",,,,899,1600,png,rgba64be,,,750c6b4c3400a7133d9ed27173e9ab6256aa511f94e6864446710526b906cfef,1728991,
home,image,L3031232634561019862244141872953,24-wtw-wordmark-poster.jpg,https://freight.cargo.site/t/original/i/L3031232634561019862244141872953/24-wtw-wordmark-poster.jpg,200,HEAD,image/jpeg,38502,"""6a5ea156-9666""","Mon, 20 Jul 2026 22:29:42 GMT",max-age=31536000,none,,,1600,1600,mjpeg,yuvj420p,0.040000,,26adbf987bd5446ab173f3ec0ba31ddb49b3baed443ccd2853b1cc1e13ef5dfc,38502,
home,image,M3025118651718868136485848659769,mandy-tee.jpg,https://freight.cargo.site/t/original/i/M3025118651718868136485848659769/mandy-tee.jpg,200,HEAD,image/jpeg,322518,,"Mon, 20 Jul 2026 22:29:41 GMT","max-age=31536000, immutable",,,,1008,1008,mjpeg,yuvj444p,0.040000,,c60ec1af66d07014ac5965fe5d4b1d0601d04f357167763aab0b1d6d174998e4,322518,
home,image,M3028243870784083855576469649209,wtw-image6.gif,https://freight.cargo.site/t/original/i/M3028243870784083855576469649209/wtw-image6.gif,200,HEAD,image/gif,1220054,"""6a5ea155-129dd6""","Mon, 20 Jul 2026 22:29:41 GMT",max-age=31536000,none,,,1374,1196,gif,bgra,5.000000,,79eb11b7379c658023e342681ef5bd695043db11f5c80861e4ea0ca6c445affb,1220054,
home,image,M3029359532595779932167218968377,montran-last-retina.jpg,https://freight.cargo.site/t/original/i/M3029359532595779932167218968377/montran-last-retina.jpg,200,HEAD,image/jpeg,249968,,"Mon, 20 Jul 2026 22:29:42 GMT","max-age=31536000, immutable",,,,2783,1566,mjpeg,yuvj444p,0.040000,,9b8faa43d5684c901802bbddbd59264a86a2389b169295b4b063d6cadbfcbd4e,249968,
home,image,M3031232490676416087309639268153,19-anyday-scroller-h264-poster.jpg,https://freight.cargo.site/t/original/i/M3031232490676416087309639268153/19-anyday-scroller-h264-poster.jpg,200,HEAD,image/jpeg,54888,"""6a5ea156-d668""","Mon, 20 Jul 2026 22:29:42 GMT",max-age=31536000,none,,,704,938,mjpeg,yuvj420p,0.040000,,5856c715b91f00fc324d4cb11beb2a7baa9380f7098303599e372315ac6f1151,54888,
home,image,N3027049860337644441291656312633,kelly-sgc30-6.jpg,https://freight.cargo.site/t/original/i/N3027049860337644441291656312633/kelly-sgc30-6.jpg,200,HEAD,image/jpeg,1054928,"""6a5ea155-1018d0""","Mon, 20 Jul 2026 22:29:41 GMT",max-age=31536000,none,,,1047,761,mjpeg,yuvj444p,0.040000,,67f3d6282e085c992cd03505d70da8237ebc59dac5d0748aff574bc1a8cef34d,1054928,
home,image,N3031232263191168170323448739641,11-hf_20260708_032138_2ca7e18b-6113-498e-9b3e-603f187014fb-alpha-small-ratio-1.5466-poster.png,https://freight.cargo.site/t/original/i/N3031232263191168170323448739641/11-hf_20260708_032138_2ca7e18b-6113-498e-9b3e-603f187014fb-alpha-small-ratio-1.5466-poster.png,200,HEAD,image/png,485521,,"Mon, 20 Jul 2026 22:29:42 GMT","max-age=31536000, immutable",,,,1392,900,png,rgba,,,a9117764db3db2d5af17fff3af172943096356cbf7ae9ddf0de53290dcd8829a,485521,
home,image,N3031232577062518584491469485881,22-purelove-flash-poster.jpg,https://freight.cargo.site/t/original/i/N3031232577062518584491469485881/22-purelove-flash-poster.jpg,200,HEAD,image/jpeg,168329,"""6a5ea157-29189""","Mon, 20 Jul 2026 22:29:43 GMT",max-age=31536000,none,,,1200,1600,mjpeg,yuvj420p,0.040000,,df6ba4730b6c0b1ac18144bc06a727ee206405aa712c2c49cc5aa72a501e2c07,168329,
home,image,N3031232606872457007606104897337,23-dg-slides-poster.jpg,https://freight.cargo.site/t/original/i/N3031232606872457007606104897337/23-dg-slides-poster.jpg,200,HEAD,image/jpeg,50588,"""6a5ea157-c59c""","Mon, 20 Jul 2026 22:29:43 GMT",max-age=31536000,none,,,1004,874,mjpeg,yuvj420p,0.040000,,04e86062c35414b9b1eadc23eab48441d749509db8bbf1654d7b18a639737492,50588,
home,image,P3031232147548529572238269658937,07-3d-animation_social-nov-8-cargo-under-1mb-1080-h264-poster.jpg,https://freight.cargo.site/t/original/i/P3031232147548529572238269658937/07-3d-animation_social-nov-8-cargo-under-1mb-1080-h264-poster.jpg,200,HEAD,image/jpeg,80935,"""6a5ea157-13c27""","Mon, 20 Jul 2026 22:29:43 GMT",max-age=31536000,none,,,834,834,mjpeg,yuvj420p,0.040000,,4c15843cf49cf12172f01452880ee1b94c1aa441df1a3ffcdfcb7ea2e0cb44d3,80935,
home,image,P3031232318789654808484037310265,13-Loop-Card_3D-Animation-cargo-h264-poster.jpg,https://freight.cargo.site/t/original/i/P3031232318789654808484037310265/13-Loop-Card_3D-Animation-cargo-h264-poster.jpg,200,HEAD,image/jpeg,29387,,"Mon, 20 Jul 2026 22:29:42 GMT","max-age=31536000, immutable",,,,1600,1200,mjpeg,yuvj420p,0.040000,,9bd42b136acc197b905af924c162f51a71d4d27d332a687d2e77780c4999ca56,29387,
home,image,P3031232402132044533503791511353,16-anyday-logo-slideshow-v3-h264-poster.jpg,https://freight.cargo.site/t/original/i/P3031232402132044533503791511353/16-anyday-logo-slideshow-v3-h264-poster.jpg,200,HEAD,image/jpeg,170431,"""6a5ea157-299bf""","Mon, 20 Jul 2026 22:29:43 GMT",max-age=31536000,none,,,1600,1069,mjpeg,yuvj420p,0.040000,,ec7c4f4dfcdcb0c757335061fba112654c63b020b1ced13d499cb06fa41593b5,170431,
home,image,P3031232663448621081673299703609,25-wtw-grid-logo-poster.jpg,https://freight.cargo.site/t/original/i/P3031232663448621081673299703609/25-wtw-grid-logo-poster.jpg,200,HEAD,image/jpeg,48983,,"Mon, 20 Jul 2026 22:29:43 GMT","max-age=31536000, immutable",,,,1080,1080,mjpeg,yuvj420p,0.040000,,967109d7042476dce7f39ab061d236bb7cdf8dee33348e5985c035991efdfe22,48983,
home,image,P3031232719434489345381788858169,27-wtw-grid-animation-poster.jpg,https://freight.cargo.site/t/original/i/P3031232719434489345381788858169/27-wtw-grid-animation-poster.jpg,200,HEAD,image/jpeg,23647,"""6a5ea157-5c5f""","Mon, 20 Jul 2026 22:29:43 GMT",max-age=31536000,none,,,1600,900,mjpeg,yuvj420p,0.040000,,fd402a5e9316e0551b506d1c5a9e14b2aa8fb1a7438bbfe842fa36adf13f0cc8,23647,
home,image,Q3028246600809973044221561059129,touchbaes-sticker-v2.png,https://freight.cargo.site/t/original/i/Q3028246600809973044221561059129/touchbaes-sticker-v2.png,200,HEAD,image/png,995127,,"Mon, 20 Jul 2026 22:29:42 GMT","max-age=31536000, immutable",,,,525,1213,png,rgba,,,acd211c72db8d15cef3e3cb9812f1906ea0c38c75603b95e00bb88d245dfeaa5,995127,
home,image,Q3028246916120169496138926831417,purelove-2.jpg,https://freight.cargo.site/t/original/i/Q3028246916120169496138926831417/purelove-2.jpg,200,HEAD,image/jpeg,1787125,"""6a5ea155-1b44f5""","Mon, 20 Jul 2026 22:29:41 GMT",max-age=31536000,none,,,1089,1360,mjpeg,yuvj444p,0.040000,,3919736d92eefcf21e41bd1e83cdb1ce4110f94838c88e232bc9ac8216220e73,1787125,
home,image,R3025118182046317275766954964793,v7-postcard.jpg,https://freight.cargo.site/t/original/i/R3025118182046317275766954964793/v7-postcard.jpg,200,HEAD,image/jpeg,1045491,,"Mon, 20 Jul 2026 22:29:42 GMT","max-age=31536000, immutable",,,,672,1008,mjpeg,yuvj444p,0.040000,,47c5dc221392e2a3a21a87a8fe6045c96c73962054b578ea6d6713c4e29fd1d0,1045491,
home,image,R3027049892102937736219504195385,kelly-sgc30-3.jpg,https://freight.cargo.site/t/original/i/R3027049892102937736219504195385/kelly-sgc30-3.jpg,200,HEAD,image/jpeg,964103,"""6a5ea155-eb607""","Mon, 20 Jul 2026 22:29:41 GMT",max-age=31536000,none,,,1047,761,mjpeg,yuvj444p,0.040000,,e6f0cc623ff9307f775c98cb5e9b6e65edc1b1fdba9573dce03d97c21aa6bcd1,964103,
home,image,R3028483060048393752708469274425,dg-image3-v2.jpg,https://freight.cargo.site/t/original/i/R3028483060048393752708469274425/dg-image3-v2.jpg,200,HEAD,image/jpeg,78113,"""6a5ea156-13121""","Mon, 20 Jul 2026 22:29:42 GMT",max-age=31536000,none,,,820,716,mjpeg,yuvj420p,0.040000,,bd65414ebb1e170be72b51f1b68eff12689fa33f6ef26d2900c26c78a06fa5c3,78113,
home,image,R3031232462416004166386606192441,18-anyday-hotel-report-h264-poster.jpg,https://freight.cargo.site/t/original/i/R3031232462416004166386606192441/18-anyday-hotel-report-h264-poster.jpg,200,HEAD,image/jpeg,143134,,"Mon, 20 Jul 2026 22:29:43 GMT","max-age=31536000, immutable",,,,1600,1600,mjpeg,yuvj420p,0.040000,,574f19b203a282d5304e3fc2bff556ef97cc565962d9fbdbbbd6c7958395a835,143134,
home,image,S3028289855602474049842539181881,purelove-4-v2.png,https://freight.cargo.site/t/original/i/S3028289855602474049842539181881/purelove-4-v2.png,200,HEAD,image/png,2492349,"""6a5ea155-2607bd""","Mon, 20 Jul 2026 22:29:41 GMT",max-age=31536000,none,,,1746,1360,png,rgba,,,4e14a475ee12e1f4c83007b36774dc57604cfb7ed80627c4c440fbc832cf71cf,2492349,
home,image,S3031232692022627651849395156793,26-wtw-grid-image-poster.jpg,https://freight.cargo.site/t/original/i/S3031232692022627651849395156793/26-wtw-grid-image-poster.jpg,200,HEAD,image/jpeg,45829,"""6a5ea157-b305""","Mon, 20 Jul 2026 22:29:43 GMT",max-age=31536000,none,,,1080,1080,mjpeg,yuvj420p,0.040000,,382d2f680cc797d2c0eb16a09d7c3e782d46ed0e695b2889d5255baf8bcd091c,45829,
home,image,T3029359532540439699946090313529,eviive-sequence-3-retina.jpg,https://freight.cargo.site/t/original/i/T3029359532540439699946090313529/eviive-sequence-3-retina.jpg,200,HEAD,image/jpeg,874321,,"Mon, 20 Jul 2026 22:29:42 GMT","max-age=31536000, immutable",,,,3600,2028,mjpeg,yuvj444p,0.040000,,4b5c581288be4296db2ceb510062631c783f110f5b0143c1a51005cd9fafff8e,874321,
home,image,T3031232431296346914038592616249,17-anyday-money-moments-h264-poster.jpg,https://freight.cargo.site/t/original/i/T3031232431296346914038592616249/17-anyday-money-moments-h264-poster.jpg,200,HEAD,image/jpeg,68650,"""6a5ea157-10c2a""","Mon, 20 Jul 2026 22:29:43 GMT",max-age=31536000,none,,,1440,1440,mjpeg,yuvj420p,0.040000,,e1cb551f2a6c37ce2a953fe1e970c4e06047d56fb8088a0b14434aa097977edf,68650,
home,image,U3026333005972541800612566185785,loop-image-2-v2.jpg,https://freight.cargo.site/t/original/i/U3026333005972541800612566185785/loop-image-2-v2.jpg,200,HEAD,image/jpeg,133446,"""6a5ea155-20946""","Mon, 20 Jul 2026 22:29:41 GMT",max-age=31536000,none,,,1157,1006,mjpeg,yuvj420p,0.040000,,44fead2dd4ffea8cf1e1c9bd64823bf570f9ef5e838cd37cd6f08361e001b733,133446,
home,image,V3031232001837698134006521444153,02-6x-images-for-MMS_EVIIVE_Image-5-web-smooth-hq-white-bg-poster.jpg,https://freight.cargo.site/t/original/i/V3031232001837698134006521444153/02-6x-images-for-MMS_EVIIVE_Image-5-web-smooth-hq-white-bg-poster.jpg,200,HEAD,image/jpeg,33527,,"Mon, 20 Jul 2026 22:29:43 GMT","max-age=31536000, immutable",,,,1600,1600,mjpeg,yuvj420p,0.040000,,760412090fefa379784f038eda953409a420317c7e3df888ee36ada091adcb0a,33527,
home,image,X3028243859623803690982190921529,wtw-image1.gif,https://freight.cargo.site/t/original/i/X3028243859623803690982190921529/wtw-image1.gif,200,HEAD,image/gif,3525361,"""6a5ea155-35caf1""","Mon, 20 Jul 2026 22:29:41 GMT",max-age=31536000,none,,,2690,1671,gif,bgra,2.250000,,cb5a1f7885631545d1b291b34ccd736a54f80fa79ca63089c680a4eae4e7ff94,3525361,
home,image,X3029359532558886444019799865145,eviive-sequence-6-retina.jpg,https://freight.cargo.site/t/original/i/X3029359532558886444019799865145/eviive-sequence-6-retina.jpg,200,HEAD,image/jpeg,228630,"""6a5ea156-37d16""","Mon, 20 Jul 2026 22:29:42 GMT",max-age=31536000,none,,,2800,1578,mjpeg,yuvj444p,0.040000,,5d7e2412eefd06145fa98e660f91b116649e35f3d03bdd30f6c538e4984435a4,228630,
home,image,Y3029359532614226676240928519993,touchbaes-last-retina.jpg,https://freight.cargo.site/t/original/i/Y3029359532614226676240928519993/touchbaes-last-retina.jpg,200,HEAD,image/jpeg,1874190,"""6a5ea155-1c990e""","Mon, 20 Jul 2026 22:29:41 GMT",max-age=31536000,none,,,2400,1600,mjpeg,yuvj444p,0.040000,,1841bd25796205a4f4d3db00434ade31b7e50ff71ad08a16ff736d58b09864c0,1874190,
home,image,Y3031232205692666892570776352569,09-video-small-poster.jpg,https://freight.cargo.site/t/original/i/Y3031232205692666892570776352569/09-video-small-poster.jpg,200,HEAD,image/jpeg,153591,"""6a5ea157-257f7""","Mon, 20 Jul 2026 22:29:43 GMT",max-age=31536000,none,,,960,960,mjpeg,yuvj420p,0.040000,,1b9758cd2d7eac75000b5777d6469f4dce7252182b4b8e57097786b3048833c2,153591,
home,image,Y3031232291119538697919709886265,12-v3_Loop-Wrapped_Animated-illustration-cargo-small-h264-poster.jpg,https://freight.cargo.site/t/original/i/Y3031232291119538697919709886265/12-v3_Loop-Wrapped_Animated-illustration-cargo-small-h264-poster.jpg,200,HEAD,image/jpeg,119038,"""6a5ea157-1d0fe""","Mon, 20 Jul 2026 22:29:43 GMT",max-age=31536000,none,,,1440,1440,mjpeg,yuvj420p,0.040000,,4af6c2349e1ae0de813fa4e3e7ad920382d8944d7350fdc86f5e28f2eb86a2a2,119038,
home,image,Y3031232375033777489224460187449,15-Montran_CSD_RS_EN-noaudio-poster.jpg,https://freight.cargo.site/t/original/i/Y3031232375033777489224460187449/15-Montran_CSD_RS_EN-noaudio-poster.jpg,200,HEAD,image/jpeg,63532,"""6a5ea157-f82c""","Mon, 20 Jul 2026 22:29:43 GMT",max-age=31536000,none,,,1080,1350,mjpeg,yuvj420p,0.040000,,445aa56ae765c1f31f8f9b730626ec09ec7ee745bed29118b5fefbeb3449e658,63532,
home,image,Z3028481505928652286752455178041,curate-image2-v2.jpg,https://freight.cargo.site/t/original/i/Z3028481505928652286752455178041/curate-image2-v2.jpg,200,HEAD,image/jpeg,57050,"""6a5ea156-deda""","Mon, 20 Jul 2026 22:29:42 GMT",max-age=31536000,none,,,750,652,mjpeg,yuvj420p,0.040000,,c6b3a462448bc180a5596734752aa01ebd00793a02f676aa80ee0beaeb1d4737,57050,
home,pdf,P3028590574867085520722012452665,montran_sustainability-report_2025_v4-web.pdf,https://freight.cargo.site/t/original/i/P3028590574867085520722012452665/montran_sustainability-report_2025_v4-web.pdf,200,HEAD,application/pdf,13634937,"""6a5e3007-d00d79""","Mon, 20 Jul 2026 14:26:15 GMT",max-age=31536000,none,,,,,,,,,664dab49810d21acaa0ffbb7d6749268215c1b655ccec11f461d67c147f02629,13634937,
home,video,B3028308528632757311589224855353,Final_Navy_EVIIVE-Logo-Animation_Jul-2026-web-hq-1800-h264.mp4,https://freight.cargo.site/t/original/i/B3028308528632757311589224855353/Final_Navy_EVIIVE-Logo-Animation_Jul-2026-web-hq-1800-h264.mp4,200,HEAD,video/mp4,305404,"""6a519b07-4a8fc""","Sat, 11 Jul 2026 01:23:19 GMT",max-age=31536000,none,,,1800,1200,h264,yuv420p,5.000000,,c97534caa87089df7f0b029b18865e4b00d94b1d568aa66db69fd689dc3615b4,305404,
home,video,B3028308558313568526187893405497,Freetothink_motionthecity_260303-upscaled-4x-retina-h264.mp4,https://freight.cargo.site/t/original/i/B3028308558313568526187893405497/Freetothink_motionthecity_260303-upscaled-4x-retina-h264.mp4,200,HEAD,video/mp4,666666,"""6a519b07-a2c2a""","Sat, 11 Jul 2026 01:23:19 GMT",max-age=31536000,none,,,3840,960,h264,yuv420p,10.000000,,7b37fcb869408a15ccf6ac0fdf176eb95d3becf36fa9bf15ccbd5506f47505fd,666666,
home,video,C3022812573698134943474161071929,8bit-girls-final-alpha-1080.webm,https://freight.cargo.site/t/original/i/C3022812573698134943474161071929/8bit-girls-final-alpha-1080.webm,200,HEAD,video/webm,940031,"""6a4d3136-e57ff""","Tue, 07 Jul 2026 17:02:46 GMT",max-age=31536000,none,,,1080,1920,vp9,yuv420p,4.046000,,1df95ce8dc10b5c8f7e2749b7188ed119af00e530a3e8f355b52550e67d8c0d0,940031,
home,video,C3026651793472485332597365847865,montran-icon-animation.mp4,https://freight.cargo.site/t/original/i/C3026651793472485332597365847865/montran-icon-animation.mp4,200,HEAD,video/mp4,712303,"""6a503bf5-ade6f""","Fri, 10 Jul 2026 00:25:25 GMT",max-age=31536000,none,,,1280,1280,h264,yuv420p,8.008000,,55a626a9578821208e99486de6bffa666f7234fbb116164083f1ab4bb8921f5d,712303,
home,video,E3026651808137646871196459382585,Montran_CSD_RS_EN-noaudio.mp4,https://freight.cargo.site/t/original/i/E3026651808137646871196459382585/Montran_CSD_RS_EN-noaudio.mp4,200,HEAD,video/mp4,2266258,"""6a503bf5-229492""","Fri, 10 Jul 2026 00:25:25 GMT",max-age=31536000,none,,,1080,1350,h264,yuv420p,2.969633,,3efa2869eb8933d94d230b68e5c33ebf4f9ddedc5496b10252d6f208098df376,2266258,
home,video,E3028308676907686176066600744761,anyday-logo-slideshow-v3-h264.mp4,https://freight.cargo.site/t/original/i/E3028308676907686176066600744761/anyday-logo-slideshow-v3-h264.mp4,200,HEAD,video/mp4,1250166,"""6a519b07-131376""","Sat, 11 Jul 2026 01:23:19 GMT",max-age=31536000,none,,,2042,1364,h264,yuv420p,2.333333,,f156cd6dad0ae4dec2c784e1b41f93380f0e9344f953761a9e97045f18d48aa6,1250166,
home,video,E3028483072094117632840806479673,mandy-hf-alpha-v2.mp4,https://freight.cargo.site/t/original/i/E3028483072094117632840806479673/mandy-hf-alpha-v2.mp4,200,HEAD,video/mp4,6443933,"""6a5e23c6-62539d""","Mon, 20 Jul 2026 13:33:58 GMT",max-age=31536000,none,,,1392,900,hevc,yuv420p,9.041667,,3d626a99935377282280609d7c6f583c38ef8f30c1c7f236c9bb6d919238f72e,6443933,
home,video,F3022813868419761244926460344121,6x-images-for-MMS_EVIIVE_Image-5-web-smooth-hq-white-bg.mp4,https://freight.cargo.site/t/original/i/F3022813868419761244926460344121/6x-images-for-MMS_EVIIVE_Image-5-web-smooth-hq-white-bg.mp4,200,HEAD,video/mp4,860283,"""6a4d2460-d207b""","Tue, 07 Jul 2026 16:08:00 GMT",max-age=31536000,none,,,1600,1600,h264,yuv420p,8.791667,,c566da06f389e72b38361067f95d39e2def30ad604d480608054e0aa586e2aaa,860283,
home,video,G3028308706570050646591559743289,anyday-hotel-report-h264.mp4,https://freight.cargo.site/t/original/i/G3028308706570050646591559743289/anyday-hotel-report-h264.mp4,200,HEAD,video/mp4,567458,"""6a519b07-8a8a2""","Sat, 11 Jul 2026 01:23:19 GMT",max-age=31536000,none,,,1600,1600,h264,yuv420p,2.333333,,b40fa6ca4b23873cada1de0b44f5933d289df9db60b05960ac8caf7b86acedc5,567458,
home,video,I3028308721419679625927748794169,anyday-scroller-h264.mp4,https://freight.cargo.site/t/original/i/I3028308721419679625927748794169/anyday-scroller-h264.mp4,200,HEAD,video/mp4,3105144,"""6a519b07-2f6178""","Sat, 11 Jul 2026 01:23:19 GMT",max-age=31536000,none,,,704,938,h264,yuv420p,15.000000,,502a0c8559676ffc314c7e550f44aad6db2b06c872d856fab2ab94157ffc81a2,3105144,
home,video,J3028243826290537149789031151417,wtw-grid-logo.mp4,https://freight.cargo.site/t/original/i/J3028243826290537149789031151417/wtw-grid-logo.mp4,200,HEAD,video/mp4,674627,"""6a518e83-a4b43""","Sat, 11 Jul 2026 00:29:55 GMT",max-age=31536000,none,,,1080,1080,h264,yuv420p,4.971633,,f63bc8722a22cbf3ec8b58558c6e5f18902e5a7c01946a457975561a4c6e7198,674627,
home,video,K3022811110465501528685107787577,video-small.mp4,https://freight.cargo.site/t/original/i/K3022811110465501528685107787577/video-small.mp4,200,HEAD,video/mp4,894312,"""6a4d0ed6-da568""","Tue, 07 Jul 2026 14:36:06 GMT",max-age=31536000,none,,,960,960,h264,yuv420p,3.850000,,e72538c2ba3d793b5c681c65c2a2414f900d5a00461278b82bac629fe0ef3eb3,894312,
home,video,K3028243512603654176358105921337,wtw-grid-image.mp4,https://freight.cargo.site/t/original/i/K3028243512603654176358105921337/wtw-grid-image.mp4,200,HEAD,video/mp4,661288,"""6a518e85-a1728""","Sat, 11 Jul 2026 00:29:57 GMT",max-age=31536000,none,,,1080,1080,h264,yuv420p,4.971633,,28fb5c57488f50d3884c7ee43a0deb20258639320f09c8d2c41c20e84fe82318,661288,
home,video,K3028308647282215193689060849465,v3_Loop-Wrapped_Animated-illustration-cargo-small-h264.mp4,https://freight.cargo.site/t/original/i/K3028308647282215193689060849465/v3_Loop-Wrapped_Animated-illustration-cargo-small-h264.mp4,200,HEAD,video/mp4,1714764,"""6a519b07-1a2a4c""","Sat, 11 Jul 2026 01:23:19 GMT",max-age=31536000,none,,,1440,1440,h264,yuv420p,9.000000,,15c65e74271348104af704730b3d490e438f57809b3c58b1b528ec03ae69429c,1714764,
home,video,K3028483048076456848870970275641,8bit-girls-alpha-v2.mp4,https://freight.cargo.site/t/original/i/K3028483048076456848870970275641/8bit-girls-alpha-v2.mp4,200,HEAD,video/mp4,2078186,"""6a5e23c5-1fb5ea""","Mon, 20 Jul 2026 13:33:57 GMT",max-age=31536000,none,,,1080,1920,hevc,yuv420p,4.045708,,8031e870bfe749facb5ff932b4ef696150228b13cd744fd5205c99dcbf7b896b,2078186,
home,video,L3028243501517160988058665400121,wtw-grid-animation.mp4,https://freight.cargo.site/t/original/i/L3028243501517160988058665400121/wtw-grid-animation.mp4,200,HEAD,video/mp4,275779,"""6a5e22c9-43543""","Mon, 20 Jul 2026 13:29:45 GMT",max-age=31536000,none,,,1920,1080,h264,yuv420p,9.576233,,d6f23ca06d4165a12d1b0d083e435b19633fe94ac01ef3f0a000ee606e7a0e63,275779,
home,video,L3028308691757315155402789795641,anyday-money-moments-h264.mp4,https://freight.cargo.site/t/original/i/L3028308691757315155402789795641/anyday-money-moments-h264.mp4,200,HEAD,video/mp4,585361,"""6a519b07-8ee91""","Sat, 11 Jul 2026 01:23:19 GMT",max-age=31536000,none,,,1440,1440,h264,yuv420p,4.000000,,24ab8b30970a42872c228d3da52be156a58ce38c88ed9a0a6bd99065d0062cfd,585361,
home,video,L3028308751008257120157869586233,randompics-slideshow-h264.mp4,https://freight.cargo.site/t/original/i/L3028308751008257120157869586233/randompics-slideshow-h264.mp4,200,HEAD,video/mp4,6217065,"""6a519b07-5edd69""","Sat, 11 Jul 2026 01:23:19 GMT",max-age=31536000,none,,,864,1334,h264,yuv420p,38.016667,,07a8f1093d70fa1cf401ce25c0272f8da4880e739559b742b86dd2629b379d82,6217065,
home,video,P3028308573144750761450372904761,Mockup_Video-Truck_V7-cargo-small-h264.mp4,https://freight.cargo.site/t/original/i/P3028308573144750761450372904761/Mockup_Video-Truck_V7-cargo-small-h264.mp4,200,HEAD,video/mp4,849197,"""6a5e22bf-cf52d""","Mon, 20 Jul 2026 13:29:35 GMT",max-age=31536000,none,,,1280,960,h264,yuv420p,9.916667,,1e14831a3373c2000312443dab0e258dc0ba6b72c17a4307854bbf387fe9c063,849197,
home,video,R3028308736250861861190228293433,curate-image1-vid-h264.mp4,https://freight.cargo.site/t/original/i/R3028308736250861861190228293433/curate-image1-vid-h264.mp4,200,HEAD,video/mp4,4264054,"""6a519b07-411076""","Sat, 11 Jul 2026 01:23:19 GMT",max-age=31536000,none,,,1600,900,h264,yuv420p,11.052708,,99303e8b8a0c376d42604aa6b1b9f27037d3ca48c679c7976e469f6ed38a3758,4264054,
home,video,S3028279585838879613892415764281,purelove-flash.mp4,https://freight.cargo.site/t/original/i/S3028279585838879613892415764281/purelove-flash.mp4,200,HEAD,video/mp4,773941,"""6a5e22c7-bcf35""","Mon, 20 Jul 2026 13:29:43 GMT",max-age=31536000,none,,,1200,1600,h264,yuv420p,2.000000,,12e5d0dff5a4ee96f2bad3fbc8b3edf7c019d83a184def89fe106118f98fa64d,773941,
home,video,S3028308617638297467237811402553,SATAIC-transformation-Comp-cargo-small-h264.mp4,https://freight.cargo.site/t/original/i/S3028308617638297467237811402553/SATAIC-transformation-Comp-cargo-small-h264.mp4,200,HEAD,video/mp4,1730340,"""6a519b07-1a6724""","Sat, 11 Jul 2026 01:23:19 GMT",max-age=31536000,none,,,1080,1440,h264,yuv420p,5.041667,,724ef3839f1e663eb6f4b2bc353414bc164cffe6b10d709ef8f0c63d68ebd8ff,1730340,
home,video,S3028308662094950684877830797113,Loop-Card_3D-Animation-cargo-h264.mp4,https://freight.cargo.site/t/original/i/S3028308662094950684877830797113/Loop-Card_3D-Animation-cargo-h264.mp4,200,HEAD,video/mp4,826578,"""6a519b07-c9cd2""","Sat, 11 Jul 2026 01:23:19 GMT",max-age=31536000,none,,,1664,1248,h264,yuv420p,5.033333,,8656a3684c60f69399503208dcced2dbd70ca8a2c56dc3f09f7e493bb83d6874,826578,
home,video,U3028243848518863758609040848697,wtw-wordmark.mp4,https://freight.cargo.site/t/original/i/U3028243848518863758609040848697/wtw-wordmark.mp4,200,HEAD,video/mp4,1578307,"""6a518e84-181543""","Sat, 11 Jul 2026 00:29:56 GMT",max-age=31536000,none,,,1600,1600,h264,yuv420p,9.042367,,ce0840d533e2188d24afe019642b66ff9f15357ca6d07607d3f506e9a952d7e1,1578307,
home,video,V3025158174716596286590825314105,hf_20260708_032138_2ca7e18b-6113-498e-9b3e-603f187014fb-alpha-small-ratio-1.5466.webm,https://freight.cargo.site/t/original/i/V3025158174716596286590825314105/hf_20260708_032138_2ca7e18b-6113-498e-9b3e-603f187014fb-alpha-small-ratio-1.5466.webm,200,HEAD,video/webm,1781084,"""6a4f0039-1b2d5c""","Thu, 09 Jul 2026 01:58:17 GMT",max-age=31536000,none,,,1392,900,vp9,yuv420p,9.042000,,5b44402638e2222cce10079357d9b7f869683f80c9e64b9132b389cb9c8148df,1781084,
home,video,V3028308587975932996712852404025,3d-animation_social-nov-8-cargo-under-1mb-1080-h264.mp4,https://freight.cargo.site/t/original/i/V3028308587975932996712852404025/3d-animation_social-nov-8-cargo-under-1mb-1080-h264.mp4,200,HEAD,video/mp4,2879739,"""6a519b07-2bf0fb""","Sat, 11 Jul 2026 01:23:19 GMT",max-age=31536000,none,,,834,834,h264,yuv420p,10.400000,,fb4bcde3b31d89acde775ac833cc3dc7509eda24d53b5cabad718bdb844ae054,2879739,
home,video,W3028244200907015798682605369145,dg-slides.mp4,https://freight.cargo.site/t/original/i/W3028244200907015798682605369145/dg-slides.mp4,200,HEAD,video/mp4,575562,"""6a518e84-8c84a""","Sat, 11 Jul 2026 00:29:56 GMT",max-age=31536000,none,,,1004,874,h264,yuv420p,8.366667,,96c1761dd820c709fb517893c72094cde0ea574c363e4ab1634ae7d17c8110f7,575562,
home,video,W3028308513949149028916421769017,Logo-symbol_Animation_EVIIVE-cargo-h264.mp4,https://freight.cargo.site/t/original/i/W3028308513949149028916421769017/Logo-symbol_Animation_EVIIVE-cargo-h264.mp4,200,HEAD,video/mp4,2416254,"""6a519b07-24de7e""","Sat, 11 Jul 2026 01:23:19 GMT",max-age=31536000,none,,,2160,2160,h264,yuv420p,3.000000,,ffc5b9fa886da4b78a34dab3cdd533cb911dd46febc9f374bad1b7481766cfb8,2416254,
home,video,X3028308543445492802777994803001,OOH_Train-Station_Video-Slide-cargo-small-h264.mp4,https://freight.cargo.site/t/original/i/X3028308543445492802777994803001/OOH_Train-Station_Video-Slide-cargo-small-h264.mp4,200,HEAD,video/mp4,1237939,"""6a519b07-12e3b3""","Sat, 11 Jul 2026 01:23:19 GMT",max-age=31536000,none,,,1600,1062,h264,yuv420p,2.000000,,db9b314748c6887d8f57188268b7bd4f9353623a7fdaf719fc5a0fdbb9d336a2,1237939,
who,image,A3033712492901311047143260731193,profile-cch-poster.jpg,https://freight.cargo.site/t/original/i/A3033712492901311047143260731193/profile-cch-poster.jpg,200,HEAD,image/jpeg,68699,"""6a5ea157-10c5b""","Mon, 20 Jul 2026 22:29:43 GMT",max-age=31536000,none,,,600,750,mjpeg,yuvj444p,0.040000,,7051b4b97ce4ebd677fff2654efa9e4fda4e50234c9eadb8e4e60ca0fbf30479,68699,
who,image,C3033703303563517008361575462713,profile-chy-poster.jpg,https://freight.cargo.site/t/original/i/C3033703303563517008361575462713/profile-chy-poster.jpg,200,HEAD,image/jpeg,58180,"""6a5ea157-e344""","Mon, 20 Jul 2026 22:29:43 GMT",max-age=31536000,none,,,600,750,mjpeg,yuvj444p,0.040000,,ad9609013dddd6f6981012139bca5f9167510d6fbe387bda10436f2d78b012bb,58180,
who,video,M3033713145657796839429454214969,profile-cch.mp4,https://freight.cargo.site/t/original/i/M3033713145657796839429454214969/profile-cch.mp4,200,HEAD,video/mp4,450139,"""6a5613c4-6de5b""","Tue, 14 Jul 2026 10:47:32 GMT",max-age=31536000,none,,,1200,1500,h264,yuv420p,4.020000,,8ce456e0dea6048c45660ebbef7fb3ad8bec2add4b410b972fa5dca23c37c6ac,450139,
who,video,W3033697092268086229249903081273,profile-chy.mp4,https://freight.cargo.site/t/original/i/W3033697092268086229249903081273/profile-chy.mp4,200,HEAD,video/mp4,434070,"""6a5613c4-69f96""","Tue, 14 Jul 2026 10:47:32 GMT",max-age=31536000,none,,,1200,1500,h264,yuv420p,4.020000,,3f6f966b031e8c2610efab2adba41361e0cb4fb9c191de0ae25a7a7e9bc20959,434070,
