page,kind,freight_id,filename,original_url,http_status,probe_method,content_type,byte_size,etag,last_modified,cache_control,accept_ranges,content_range,error_class
home,embed,E3031754669080377521238157342521,touchbaes-sticker-game-v10.html,https://freight.cargo.site/m/E3031754669080377521238157342521/touchbaes-sticker-game-v10.html,200,HEAD,text/html,49140,"""6a5e97d3-bff4""","Mon, 20 Jul 2026 21:49:07 GMT",max-age=31536000,none,,
home,embed,U3034412351395654863674388559673,montran-booklet-direct-pdf-v17.html,https://freight.cargo.site/m/U3034412351395654863674388559673/montran-booklet-direct-pdf-v17.html,200,HEAD,text/html,1936356,"""6a5e346a-1d8be4""","Mon, 20 Jul 2026 14:44:58 GMT",max-age=31536000,none,,
home,embed,Z3031274916472238420423367767865,coffee-cup-bundle.html,https://freight.cargo.site/m/Z3031274916472238420423367767865/coffee-cup-bundle.html,200,HEAD,text/html,780341,"""6a5e97d3-be835""","Mon, 20 Jul 2026 21:49:07 GMT",max-age=31536000,none,,
home,image,A3025291300404464182587126495033,mandy-photo1-fix.jpg,https://freight.cargo.site/t/original/i/A3025291300404464182587126495033/mandy-photo1-fix.jpg,200,HEAD,image/jpeg,203328,,"Mon, 20 Jul 2026 22:29:42 GMT","max-age=31536000, immutable",,,
home,image,A3028247346261347806898251413305,dg-image4.jpg,https://freight.cargo.site/t/original/i/A3028247346261347806898251413305/dg-image4.jpg,200,HEAD,image/jpeg,783884,"""6a5ea155-bf60c""","Mon, 20 Jul 2026 22:29:41 GMT",max-age=31536000,none,,
home,image,A3029359532632673420314638071609,v7-sequence-6-retina.jpg,https://freight.cargo.site/t/original/i/A3029359532632673420314638071609/v7-sequence-6-retina.jpg,200,HEAD,image/jpeg,456290,,"Mon, 20 Jul 2026 22:29:41 GMT","max-age=31536000, immutable",,,
home,image,A3031230889628157697836525860665,01-Logo-symbol_Animation_EVIIVE-cargo-h264-poster.jpg,https://freight.cargo.site/t/original/i/A3031230889628157697836525860665/01-Logo-symbol_Animation_EVIIVE-cargo-h264-poster.jpg,200,HEAD,image/jpeg,70040,,"Mon, 20 Jul 2026 22:29:42 GMT","max-age=31536000, immutable",,,
home,image,B3031232030079663310855844968249,03-Final_Navy_EVIIVE-Logo-Animation_Jul-2026-web-hq-1800-h264-poster.jpg,https://freight.cargo.site/t/original/i/B3031232030079663310855844968249/03-Final_Navy_EVIIVE-Logo-Animation_Jul-2026-web-hq-1800-h264-poster.jpg,200,HEAD,image/jpeg,32853,,"Mon, 20 Jul 2026 22:29:42 GMT","max-age=31536000, immutable",,,
home,image,B3031232058413862208073716250425,04-OOH_Train-Station_Video-Slide-cargo-small-h264-poster.jpg,https://freight.cargo.site/t/original/i/B3031232058413862208073716250425/04-OOH_Train-Station_Video-Slide-cargo-small-h264-poster.jpg,200,HEAD,image/jpeg,288778,"""6a5ea156-4680a""","Mon, 20 Jul 2026 22:29:42 GMT",max-age=31536000,none,,
home,image,C3028244178623348957641467017017,wtw-lanyard.png,https://freight.cargo.site/t/original/i/C3028244178623348957641467017017/wtw-lanyard.png,200,HEAD,image/png,619573,,"Mon, 20 Jul 2026 22:29:41 GMT","max-age=31536000, immutable",,,
home,image,C3031232234580268111999934183225,10-SATAIC-transformation-Comp-cargo-small-h264-poster.jpg,https://freight.cargo.site/t/original/i/C3031232234580268111999934183225/10-SATAIC-transformation-Comp-cargo-small-h264-poster.jpg,200,HEAD,image/jpeg,119315,"""6a5ea156-1d213""","Mon, 20 Jul 2026 22:29:42 GMT",max-age=31536000,none,,
home,image,E3025118669852017560942337898297,mandy-photo-2.jpg,https://freight.cargo.site/t/original/i/E3025118669852017560942337898297/mandy-photo-2.jpg,200,HEAD,image/jpeg,740636,"""6a5ea155-b4d1c""","Mon, 20 Jul 2026 22:29:41 GMT",max-age=31536000,none,,
home,image,E3031232087873312493787870181177,05-Freetothink_motionthecity_260303-upscaled-4x-retina-h264-poster.jpg,https://freight.cargo.site/t/original/i/E3031232087873312493787870181177/05-Freetothink_motionthecity_260303-upscaled-4x-retina-h264-poster.jpg,200,HEAD,image/jpeg,39058,,"Mon, 20 Jul 2026 22:29:42 GMT","max-age=31536000, immutable",,,
home,image,F3031232519896058700065569027897,20-curate-image1-vid-h264-poster.jpg,https://freight.cargo.site/t/original/i/F3031232519896058700065569027897/20-curate-image1-vid-h264-poster.jpg,200,HEAD,image/jpeg,142690,"""6a5ea156-22d62""","Mon, 20 Jul 2026 22:29:42 GMT",max-age=31536000,none,,
home,image,F3031232547566174810629896451897,21-randompics-slideshow-h264-poster.jpg,https://freight.cargo.site/t/original/i/F3031232547566174810629896451897/21-randompics-slideshow-h264-poster.jpg,200,HEAD,image/jpeg,47098,"""6a5ea157-b7fa""","Mon, 20 Jul 2026 22:29:43 GMT",max-age=31536000,none,,
home,image,F3031232775678612026122211735353,v7-cup-poster.png,https://freight.cargo.site/t/original/i/F3031232775678612026122211735353/v7-cup-poster.png,200,HEAD,image/png,109092,"""6a5ea155-1aa24""","Mon, 20 Jul 2026 22:29:41 GMT",max-age=31536000,none,,
home,image,G3025118686970596061344801797945,mandy-ig.jpg,https://freight.cargo.site/t/original/i/G3025118686970596061344801797945/mandy-ig.jpg,200,HEAD,image/jpeg,469985,"""6a5ea156-72be1""","Mon, 20 Jul 2026 22:29:42 GMT",max-age=31536000,none,,
home,image,G3028246944196113976324864390969,purelove-3.jpg,https://freight.cargo.site/t/original/i/G3028246944196113976324864390969/purelove-3.jpg,200,HEAD,image/jpeg,975686,"""6a5ea156-ee346""","Mon, 20 Jul 2026 22:29:42 GMT",max-age=31536000,none,,
home,image,G3031232346146176269795302356793,14-montran-icon-animation-poster.jpg,https://freight.cargo.site/t/original/i/G3031232346146176269795302356793/14-montran-icon-animation-poster.jpg,200,HEAD,image/jpeg,51461,,"Mon, 20 Jul 2026 22:29:42 GMT","max-age=31536000, immutable",,,
home,image,H3025362994634537346592378763065,loop-cover.jpg,https://freight.cargo.site/t/original/i/H3025362994634537346592378763065/loop-cover.jpg,200,HEAD,image/jpeg,333635,"""6a5ea155-51743""","Mon, 20 Jul 2026 22:29:41 GMT",max-age=31536000,none,,
home,image,H3029359532577333188093509416761,map-generator-retina.png,https://freight.cargo.site/t/original/i/H3029359532577333188093509416761/map-generator-retina.png,200,HEAD,image/png,759762,,"Mon, 20 Jul 2026 22:29:42 GMT","max-age=31536000, immutable",,,
home,image,I3025317449180697499940409620281,mandy-mewmew-v4.png,https://freight.cargo.site/t/original/i/I3025317449180697499940409620281/mandy-mewmew-v4.png,200,HEAD,image/png,254297,"""6a5ea156-3e159""","Mon, 20 Jul 2026 22:29:42 GMT",max-age=31536000,none,,
home,image,I3028246618297486426098215991097,purelove-1.jpg,https://freight.cargo.site/t/original/i/I3028246618297486426098215991097/purelove-1.jpg,200,HEAD,image/jpeg,1308621,"""6a5ea156-13f7cd""","Mon, 20 Jul 2026 22:29:42 GMT",max-age=31536000,none,,
home,image,J3022057905776630719280532993849,touchbaes-booking.jpg,https://freight.cargo.site/t/original/i/J3022057905776630719280532993849/touchbaes-booking.jpg,200,HEAD,image/jpeg,652881,,"Mon, 20 Jul 2026 22:29:42 GMT","max-age=31536000, immutable",,,
home,image,J3027050938125560435919628580665,curate-hf.jpg,https://freight.cargo.site/t/original/i/J3027050938125560435919628580665/curate-hf.jpg,200,HEAD,image/jpeg,586829,,"Mon, 20 Jul 2026 22:29:41 GMT","max-age=31536000, immutable",,,
home,image,J3028246254011184458481990678329,eviive-4.jpg,https://freight.cargo.site/t/original/i/J3028246254011184458481990678329/eviive-4.jpg,200,HEAD,image/jpeg,167910,"""6a5ea156-28fe6""","Mon, 20 Jul 2026 22:29:42 GMT",max-age=31536000,none,,
home,image,J3029442176019925254992799774521,montran-sequence-2-retina.jpg,https://freight.cargo.site/t/original/i/J3029442176019925254992799774521/montran-sequence-2-retina.jpg,200,HEAD,image/jpeg,1396152,"""6a5ea156-154db8""","Mon, 20 Jul 2026 22:29:42 GMT",max-age=31536000,none,,
home,image,J3031232116853147433585575769913,06-Mockup_Video-Truck_V7-cargo-small-h264-poster.jpg,https://freight.cargo.site/t/original/i/J3031232116853147433585575769913/06-Mockup_Video-Truck_V7-cargo-small-h264-poster.jpg,200,HEAD,image/jpeg,222091,"""6a5ea158-3638b""","Mon, 20 Jul 2026 22:29:44 GMT",max-age=31536000,none,,
home,image,K3028244189709842145940907538233,dg-image2.gif,https://freight.cargo.site/t/original/i/K3028244189709842145940907538233/dg-image2.gif,200,HEAD,image/gif,997824,,"Mon, 20 Jul 2026 22:29:41 GMT","max-age=31536000, immutable",,,
home,image,K3028247312208658246830419130169,dg-cover.jpg,https://freight.cargo.site/t/original/i/K3028247312208658246830419130169/dg-cover.jpg,200,HEAD,image/jpeg,202102,"""6a5ea155-31576""","Mon, 20 Jul 2026 22:29:41 GMT",max-age=31536000,none,,
home,image,K3029359532521992955872380761913,curate-last-retina.jpg,https://freight.cargo.site/t/original/i/K3029359532521992955872380761913/curate-last-retina.jpg,200,HEAD,image/jpeg,357450,"""6a5ea156-5744a""","Mon, 20 Jul 2026 22:29:42 GMT",max-age=31536000,none,,
home,image,K3029442176001478510919090222905,loop-sequence-last-retina.jpg,https://freight.cargo.site/t/original/i/K3029442176001478510919090222905/loop-sequence-last-retina.jpg,200,HEAD,image/jpeg,479961,,"Mon, 20 Jul 2026 22:29:41 GMT","max-age=31536000, immutable",,,
home,image,L3027048668493509838917526402873,anyday-image6.jpg,https://freight.cargo.site/t/original/i/L3027048668493509838917526402873/anyday-image6.jpg,200,HEAD,image/jpeg,226007,,"Mon, 20 Jul 2026 22:29:42 GMT","max-age=31536000, immutable",,,
home,image,L3027050213316092291723926484793,kelly-sgc30-5.jpg,https://freight.cargo.site/t/original/i/L3027050213316092291723926484793/kelly-sgc30-5.jpg,200,HEAD,image/jpeg,1036325,"""6a5ea155-fd025""","Mon, 20 Jul 2026 22:29:41 GMT",max-age=31536000,none,,
home,image,L3027050230656031721010905003833,kelly-sgc30-1.jpg,https://freight.cargo.site/t/original/i/L3027050230656031721010905003833/kelly-sgc30-1.jpg,200,HEAD,image/jpeg,879285,"""6a5ea155-d6ab5""","Mon, 20 Jul 2026 22:29:41 GMT",max-age=31536000,none,,
home,image,L3031232176454577535741137041209,08-8bit-girls-final-alpha-1080-poster.png,https://freight.cargo.site/t/original/i/L3031232176454577535741137041209/08-8bit-girls-final-alpha-1080-poster.png,200,HEAD,image/png,1728991,,"Mon, 20 Jul 2026 22:29:42 GMT","max-age=31536000, immutable",,,
home,image,L3031232634561019862244141872953,24-wtw-wordmark-poster.jpg,https://freight.cargo.site/t/original/i/L3031232634561019862244141872953/24-wtw-wordmark-poster.jpg,200,HEAD,image/jpeg,38502,"""6a5ea156-9666""","Mon, 20 Jul 2026 22:29:42 GMT",max-age=31536000,none,,
home,image,M3025118651718868136485848659769,mandy-tee.jpg,https://freight.cargo.site/t/original/i/M3025118651718868136485848659769/mandy-tee.jpg,200,HEAD,image/jpeg,322518,,"Mon, 20 Jul 2026 22:29:41 GMT","max-age=31536000, immutable",,,
home,image,M3028243870784083855576469649209,wtw-image6.gif,https://freight.cargo.site/t/original/i/M3028243870784083855576469649209/wtw-image6.gif,200,HEAD,image/gif,1220054,"""6a5ea155-129dd6""","Mon, 20 Jul 2026 22:29:41 GMT",max-age=31536000,none,,
home,image,M3029359532595779932167218968377,montran-last-retina.jpg,https://freight.cargo.site/t/original/i/M3029359532595779932167218968377/montran-last-retina.jpg,200,HEAD,image/jpeg,249968,,"Mon, 20 Jul 2026 22:29:42 GMT","max-age=31536000, immutable",,,
home,image,M3031232490676416087309639268153,19-anyday-scroller-h264-poster.jpg,https://freight.cargo.site/t/original/i/M3031232490676416087309639268153/19-anyday-scroller-h264-poster.jpg,200,HEAD,image/jpeg,54888,"""6a5ea156-d668""","Mon, 20 Jul 2026 22:29:42 GMT",max-age=31536000,none,,
home,image,N3027049860337644441291656312633,kelly-sgc30-6.jpg,https://freight.cargo.site/t/original/i/N3027049860337644441291656312633/kelly-sgc30-6.jpg,200,HEAD,image/jpeg,1054928,"""6a5ea155-1018d0""","Mon, 20 Jul 2026 22:29:41 GMT",max-age=31536000,none,,
home,image,N3031232263191168170323448739641,11-hf_20260708_032138_2ca7e18b-6113-498e-9b3e-603f187014fb-alpha-small-ratio-1.5466-poster.png,https://freight.cargo.site/t/original/i/N3031232263191168170323448739641/11-hf_20260708_032138_2ca7e18b-6113-498e-9b3e-603f187014fb-alpha-small-ratio-1.5466-poster.png,200,HEAD,image/png,485521,,"Mon, 20 Jul 2026 22:29:42 GMT","max-age=31536000, immutable",,,
home,image,N3031232577062518584491469485881,22-purelove-flash-poster.jpg,https://freight.cargo.site/t/original/i/N3031232577062518584491469485881/22-purelove-flash-poster.jpg,200,HEAD,image/jpeg,168329,"""6a5ea157-29189""","Mon, 20 Jul 2026 22:29:43 GMT",max-age=31536000,none,,
home,image,N3031232606872457007606104897337,23-dg-slides-poster.jpg,https://freight.cargo.site/t/original/i/N3031232606872457007606104897337/23-dg-slides-poster.jpg,200,HEAD,image/jpeg,50588,"""6a5ea157-c59c""","Mon, 20 Jul 2026 22:29:43 GMT",max-age=31536000,none,,
home,image,P3031232147548529572238269658937,07-3d-animation_social-nov-8-cargo-under-1mb-1080-h264-poster.jpg,https://freight.cargo.site/t/original/i/P3031232147548529572238269658937/07-3d-animation_social-nov-8-cargo-under-1mb-1080-h264-poster.jpg,200,HEAD,image/jpeg,80935,"""6a5ea157-13c27""","Mon, 20 Jul 2026 22:29:43 GMT",max-age=31536000,none,,
home,image,P3031232318789654808484037310265,13-Loop-Card_3D-Animation-cargo-h264-poster.jpg,https://freight.cargo.site/t/original/i/P3031232318789654808484037310265/13-Loop-Card_3D-Animation-cargo-h264-poster.jpg,200,HEAD,image/jpeg,29387,,"Mon, 20 Jul 2026 22:29:42 GMT","max-age=31536000, immutable",,,
home,image,P3031232402132044533503791511353,16-anyday-logo-slideshow-v3-h264-poster.jpg,https://freight.cargo.site/t/original/i/P3031232402132044533503791511353/16-anyday-logo-slideshow-v3-h264-poster.jpg,200,HEAD,image/jpeg,170431,"""6a5ea157-299bf""","Mon, 20 Jul 2026 22:29:43 GMT",max-age=31536000,none,,
home,image,P3031232663448621081673299703609,25-wtw-grid-logo-poster.jpg,https://freight.cargo.site/t/original/i/P3031232663448621081673299703609/25-wtw-grid-logo-poster.jpg,200,HEAD,image/jpeg,48983,,"Mon, 20 Jul 2026 22:29:43 GMT","max-age=31536000, immutable",,,
home,image,P3031232719434489345381788858169,27-wtw-grid-animation-poster.jpg,https://freight.cargo.site/t/original/i/P3031232719434489345381788858169/27-wtw-grid-animation-poster.jpg,200,HEAD,image/jpeg,23647,"""6a5ea157-5c5f""","Mon, 20 Jul 2026 22:29:43 GMT",max-age=31536000,none,,
home,image,Q3028246600809973044221561059129,touchbaes-sticker-v2.png,https://freight.cargo.site/t/original/i/Q3028246600809973044221561059129/touchbaes-sticker-v2.png,200,HEAD,image/png,995127,,"Mon, 20 Jul 2026 22:29:42 GMT","max-age=31536000, immutable",,,
home,image,Q3028246916120169496138926831417,purelove-2.jpg,https://freight.cargo.site/t/original/i/Q3028246916120169496138926831417/purelove-2.jpg,200,HEAD,image/jpeg,1787125,"""6a5ea155-1b44f5""","Mon, 20 Jul 2026 22:29:41 GMT",max-age=31536000,none,,
home,image,R3025118182046317275766954964793,v7-postcard.jpg,https://freight.cargo.site/t/original/i/R3025118182046317275766954964793/v7-postcard.jpg,200,HEAD,image/jpeg,1045491,,"Mon, 20 Jul 2026 22:29:42 GMT","max-age=31536000, immutable",,,
home,image,R3027049892102937736219504195385,kelly-sgc30-3.jpg,https://freight.cargo.site/t/original/i/R3027049892102937736219504195385/kelly-sgc30-3.jpg,200,HEAD,image/jpeg,964103,"""6a5ea155-eb607""","Mon, 20 Jul 2026 22:29:41 GMT",max-age=31536000,none,,
home,image,R3028483060048393752708469274425,dg-image3-v2.jpg,https://freight.cargo.site/t/original/i/R3028483060048393752708469274425/dg-image3-v2.jpg,200,HEAD,image/jpeg,78113,"""6a5ea156-13121""","Mon, 20 Jul 2026 22:29:42 GMT",max-age=31536000,none,,
home,image,R3031232462416004166386606192441,18-anyday-hotel-report-h264-poster.jpg,https://freight.cargo.site/t/original/i/R3031232462416004166386606192441/18-anyday-hotel-report-h264-poster.jpg,200,HEAD,image/jpeg,143134,,"Mon, 20 Jul 2026 22:29:43 GMT","max-age=31536000, immutable",,,
home,image,S3028289855602474049842539181881,purelove-4-v2.png,https://freight.cargo.site/t/original/i/S3028289855602474049842539181881/purelove-4-v2.png,200,HEAD,image/png,2492349,"""6a5ea155-2607bd""","Mon, 20 Jul 2026 22:29:41 GMT",max-age=31536000,none,,
home,image,S3031232692022627651849395156793,26-wtw-grid-image-poster.jpg,https://freight.cargo.site/t/original/i/S3031232692022627651849395156793/26-wtw-grid-image-poster.jpg,200,HEAD,image/jpeg,45829,"""6a5ea157-b305""","Mon, 20 Jul 2026 22:29:43 GMT",max-age=31536000,none,,
home,image,T3029359532540439699946090313529,eviive-sequence-3-retina.jpg,https://freight.cargo.site/t/original/i/T3029359532540439699946090313529/eviive-sequence-3-retina.jpg,200,HEAD,image/jpeg,874321,,"Mon, 20 Jul 2026 22:29:42 GMT","max-age=31536000, immutable",,,
home,image,T3031232431296346914038592616249,17-anyday-money-moments-h264-poster.jpg,https://freight.cargo.site/t/original/i/T3031232431296346914038592616249/17-anyday-money-moments-h264-poster.jpg,200,HEAD,image/jpeg,68650,"""6a5ea157-10c2a""","Mon, 20 Jul 2026 22:29:43 GMT",max-age=31536000,none,,
home,image,U3026333005972541800612566185785,loop-image-2-v2.jpg,https://freight.cargo.site/t/original/i/U3026333005972541800612566185785/loop-image-2-v2.jpg,200,HEAD,image/jpeg,133446,"""6a5ea155-20946""","Mon, 20 Jul 2026 22:29:41 GMT",max-age=31536000,none,,
home,image,V3031232001837698134006521444153,02-6x-images-for-MMS_EVIIVE_Image-5-web-smooth-hq-white-bg-poster.jpg,https://freight.cargo.site/t/original/i/V3031232001837698134006521444153/02-6x-images-for-MMS_EVIIVE_Image-5-web-smooth-hq-white-bg-poster.jpg,200,HEAD,image/jpeg,33527,,"Mon, 20 Jul 2026 22:29:43 GMT","max-age=31536000, immutable",,,
home,image,X3028243859623803690982190921529,wtw-image1.gif,https://freight.cargo.site/t/original/i/X3028243859623803690982190921529/wtw-image1.gif,200,HEAD,image/gif,3525361,"""6a5ea155-35caf1""","Mon, 20 Jul 2026 22:29:41 GMT",max-age=31536000,none,,
home,image,X3029359532558886444019799865145,eviive-sequence-6-retina.jpg,https://freight.cargo.site/t/original/i/X3029359532558886444019799865145/eviive-sequence-6-retina.jpg,200,HEAD,image/jpeg,228630,"""6a5ea156-37d16""","Mon, 20 Jul 2026 22:29:42 GMT",max-age=31536000,none,,
home,image,Y3029359532614226676240928519993,touchbaes-last-retina.jpg,https://freight.cargo.site/t/original/i/Y3029359532614226676240928519993/touchbaes-last-retina.jpg,200,HEAD,image/jpeg,1874190,"""6a5ea155-1c990e""","Mon, 20 Jul 2026 22:29:41 GMT",max-age=31536000,none,,
home,image,Y3031232205692666892570776352569,09-video-small-poster.jpg,https://freight.cargo.site/t/original/i/Y3031232205692666892570776352569/09-video-small-poster.jpg,200,HEAD,image/jpeg,153591,"""6a5ea157-257f7""","Mon, 20 Jul 2026 22:29:43 GMT",max-age=31536000,none,,
home,image,Y3031232291119538697919709886265,12-v3_Loop-Wrapped_Animated-illustration-cargo-small-h264-poster.jpg,https://freight.cargo.site/t/original/i/Y3031232291119538697919709886265/12-v3_Loop-Wrapped_Animated-illustration-cargo-small-h264-poster.jpg,200,HEAD,image/jpeg,119038,"""6a5ea157-1d0fe""","Mon, 20 Jul 2026 22:29:43 GMT",max-age=31536000,none,,
home,image,Y3031232375033777489224460187449,15-Montran_CSD_RS_EN-noaudio-poster.jpg,https://freight.cargo.site/t/original/i/Y3031232375033777489224460187449/15-Montran_CSD_RS_EN-noaudio-poster.jpg,200,HEAD,image/jpeg,63532,"""6a5ea157-f82c""","Mon, 20 Jul 2026 22:29:43 GMT",max-age=31536000,none,,
home,image,Z3028481505928652286752455178041,curate-image2-v2.jpg,https://freight.cargo.site/t/original/i/Z3028481505928652286752455178041/curate-image2-v2.jpg,200,HEAD,image/jpeg,57050,"""6a5ea156-deda""","Mon, 20 Jul 2026 22:29:42 GMT",max-age=31536000,none,,
home,pdf,P3028590574867085520722012452665,montran_sustainability-report_2025_v4-web.pdf,https://freight.cargo.site/t/original/i/P3028590574867085520722012452665/montran_sustainability-report_2025_v4-web.pdf,200,HEAD,application/pdf,13634937,"""6a5e3007-d00d79""","Mon, 20 Jul 2026 14:26:15 GMT",max-age=31536000,none,,
home,video,B3028308528632757311589224855353,Final_Navy_EVIIVE-Logo-Animation_Jul-2026-web-hq-1800-h264.mp4,https://freight.cargo.site/t/original/i/B3028308528632757311589224855353/Final_Navy_EVIIVE-Logo-Animation_Jul-2026-web-hq-1800-h264.mp4,200,HEAD,video/mp4,305404,"""6a519b07-4a8fc""","Sat, 11 Jul 2026 01:23:19 GMT",max-age=31536000,none,,
home,video,B3028308558313568526187893405497,Freetothink_motionthecity_260303-upscaled-4x-retina-h264.mp4,https://freight.cargo.site/t/original/i/B3028308558313568526187893405497/Freetothink_motionthecity_260303-upscaled-4x-retina-h264.mp4,200,HEAD,video/mp4,666666,"""6a519b07-a2c2a""","Sat, 11 Jul 2026 01:23:19 GMT",max-age=31536000,none,,
home,video,C3022812573698134943474161071929,8bit-girls-final-alpha-1080.webm,https://freight.cargo.site/t/original/i/C3022812573698134943474161071929/8bit-girls-final-alpha-1080.webm,200,HEAD,video/webm,940031,"""6a4d3136-e57ff""","Tue, 07 Jul 2026 17:02:46 GMT",max-age=31536000,none,,
home,video,C3026651793472485332597365847865,montran-icon-animation.mp4,https://freight.cargo.site/t/original/i/C3026651793472485332597365847865/montran-icon-animation.mp4,200,HEAD,video/mp4,712303,"""6a503bf5-ade6f""","Fri, 10 Jul 2026 00:25:25 GMT",max-age=31536000,none,,
home,video,E3026651808137646871196459382585,Montran_CSD_RS_EN-noaudio.mp4,https://freight.cargo.site/t/original/i/E3026651808137646871196459382585/Montran_CSD_RS_EN-noaudio.mp4,200,HEAD,video/mp4,2266258,"""6a503bf5-229492""","Fri, 10 Jul 2026 00:25:25 GMT",max-age=31536000,none,,
home,video,E3028308676907686176066600744761,anyday-logo-slideshow-v3-h264.mp4,https://freight.cargo.site/t/original/i/E3028308676907686176066600744761/anyday-logo-slideshow-v3-h264.mp4,200,HEAD,video/mp4,1250166,"""6a519b07-131376""","Sat, 11 Jul 2026 01:23:19 GMT",max-age=31536000,none,,
home,video,E3028483072094117632840806479673,mandy-hf-alpha-v2.mp4,https://freight.cargo.site/t/original/i/E3028483072094117632840806479673/mandy-hf-alpha-v2.mp4,200,HEAD,video/mp4,6443933,"""6a5e23c6-62539d""","Mon, 20 Jul 2026 13:33:58 GMT",max-age=31536000,none,,
home,video,F3022813868419761244926460344121,6x-images-for-MMS_EVIIVE_Image-5-web-smooth-hq-white-bg.mp4,https://freight.cargo.site/t/original/i/F3022813868419761244926460344121/6x-images-for-MMS_EVIIVE_Image-5-web-smooth-hq-white-bg.mp4,200,HEAD,video/mp4,860283,"""6a4d2460-d207b""","Tue, 07 Jul 2026 16:08:00 GMT",max-age=31536000,none,,
home,video,G3028308706570050646591559743289,anyday-hotel-report-h264.mp4,https://freight.cargo.site/t/original/i/G3028308706570050646591559743289/anyday-hotel-report-h264.mp4,200,HEAD,video/mp4,567458,"""6a519b07-8a8a2""","Sat, 11 Jul 2026 01:23:19 GMT",max-age=31536000,none,,
home,video,I3028308721419679625927748794169,anyday-scroller-h264.mp4,https://freight.cargo.site/t/original/i/I3028308721419679625927748794169/anyday-scroller-h264.mp4,200,HEAD,video/mp4,3105144,"""6a519b07-2f6178""","Sat, 11 Jul 2026 01:23:19 GMT",max-age=31536000,none,,
home,video,J3028243826290537149789031151417,wtw-grid-logo.mp4,https://freight.cargo.site/t/original/i/J3028243826290537149789031151417/wtw-grid-logo.mp4,200,HEAD,video/mp4,674627,"""6a518e83-a4b43""","Sat, 11 Jul 2026 00:29:55 GMT",max-age=31536000,none,,
home,video,K3022811110465501528685107787577,video-small.mp4,https://freight.cargo.site/t/original/i/K3022811110465501528685107787577/video-small.mp4,200,HEAD,video/mp4,894312,"""6a4d0ed6-da568""","Tue, 07 Jul 2026 14:36:06 GMT",max-age=31536000,none,,
home,video,K3028243512603654176358105921337,wtw-grid-image.mp4,https://freight.cargo.site/t/original/i/K3028243512603654176358105921337/wtw-grid-image.mp4,200,HEAD,video/mp4,661288,"""6a518e85-a1728""","Sat, 11 Jul 2026 00:29:57 GMT",max-age=31536000,none,,
home,video,K3028308647282215193689060849465,v3_Loop-Wrapped_Animated-illustration-cargo-small-h264.mp4,https://freight.cargo.site/t/original/i/K3028308647282215193689060849465/v3_Loop-Wrapped_Animated-illustration-cargo-small-h264.mp4,200,HEAD,video/mp4,1714764,"""6a519b07-1a2a4c""","Sat, 11 Jul 2026 01:23:19 GMT",max-age=31536000,none,,
home,video,K3028483048076456848870970275641,8bit-girls-alpha-v2.mp4,https://freight.cargo.site/t/original/i/K3028483048076456848870970275641/8bit-girls-alpha-v2.mp4,200,HEAD,video/mp4,2078186,"""6a5e23c5-1fb5ea""","Mon, 20 Jul 2026 13:33:57 GMT",max-age=31536000,none,,
home,video,L3028243501517160988058665400121,wtw-grid-animation.mp4,https://freight.cargo.site/t/original/i/L3028243501517160988058665400121/wtw-grid-animation.mp4,200,HEAD,video/mp4,275779,"""6a5e22c9-43543""","Mon, 20 Jul 2026 13:29:45 GMT",max-age=31536000,none,,
home,video,L3028308691757315155402789795641,anyday-money-moments-h264.mp4,https://freight.cargo.site/t/original/i/L3028308691757315155402789795641/anyday-money-moments-h264.mp4,200,HEAD,video/mp4,585361,"""6a519b07-8ee91""","Sat, 11 Jul 2026 01:23:19 GMT",max-age=31536000,none,,
home,video,L3028308751008257120157869586233,randompics-slideshow-h264.mp4,https://freight.cargo.site/t/original/i/L3028308751008257120157869586233/randompics-slideshow-h264.mp4,200,HEAD,video/mp4,6217065,"""6a519b07-5edd69""","Sat, 11 Jul 2026 01:23:19 GMT",max-age=31536000,none,,
home,video,P3028308573144750761450372904761,Mockup_Video-Truck_V7-cargo-small-h264.mp4,https://freight.cargo.site/t/original/i/P3028308573144750761450372904761/Mockup_Video-Truck_V7-cargo-small-h264.mp4,200,HEAD,video/mp4,849197,"""6a5e22bf-cf52d""","Mon, 20 Jul 2026 13:29:35 GMT",max-age=31536000,none,,
home,video,R3028308736250861861190228293433,curate-image1-vid-h264.mp4,https://freight.cargo.site/t/original/i/R3028308736250861861190228293433/curate-image1-vid-h264.mp4,200,HEAD,video/mp4,4264054,"""6a519b07-411076""","Sat, 11 Jul 2026 01:23:19 GMT",max-age=31536000,none,,
home,video,S3028279585838879613892415764281,purelove-flash.mp4,https://freight.cargo.site/t/original/i/S3028279585838879613892415764281/purelove-flash.mp4,200,HEAD,video/mp4,773941,"""6a5e22c7-bcf35""","Mon, 20 Jul 2026 13:29:43 GMT",max-age=31536000,none,,
home,video,S3028308617638297467237811402553,SATAIC-transformation-Comp-cargo-small-h264.mp4,https://freight.cargo.site/t/original/i/S3028308617638297467237811402553/SATAIC-transformation-Comp-cargo-small-h264.mp4,200,HEAD,video/mp4,1730340,"""6a519b07-1a6724""","Sat, 11 Jul 2026 01:23:19 GMT",max-age=31536000,none,,
home,video,S3028308662094950684877830797113,Loop-Card_3D-Animation-cargo-h264.mp4,https://freight.cargo.site/t/original/i/S3028308662094950684877830797113/Loop-Card_3D-Animation-cargo-h264.mp4,200,HEAD,video/mp4,826578,"""6a519b07-c9cd2""","Sat, 11 Jul 2026 01:23:19 GMT",max-age=31536000,none,,
home,video,U3028243848518863758609040848697,wtw-wordmark.mp4,https://freight.cargo.site/t/original/i/U3028243848518863758609040848697/wtw-wordmark.mp4,200,HEAD,video/mp4,1578307,"""6a518e84-181543""","Sat, 11 Jul 2026 00:29:56 GMT",max-age=31536000,none,,
home,video,V3025158174716596286590825314105,hf_20260708_032138_2ca7e18b-6113-498e-9b3e-603f187014fb-alpha-small-ratio-1.5466.webm,https://freight.cargo.site/t/original/i/V3025158174716596286590825314105/hf_20260708_032138_2ca7e18b-6113-498e-9b3e-603f187014fb-alpha-small-ratio-1.5466.webm,200,HEAD,video/webm,1781084,"""6a4f0039-1b2d5c""","Thu, 09 Jul 2026 01:58:17 GMT",max-age=31536000,none,,
home,video,V3028308587975932996712852404025,3d-animation_social-nov-8-cargo-under-1mb-1080-h264.mp4,https://freight.cargo.site/t/original/i/V3028308587975932996712852404025/3d-animation_social-nov-8-cargo-under-1mb-1080-h264.mp4,200,HEAD,video/mp4,2879739,"""6a519b07-2bf0fb""","Sat, 11 Jul 2026 01:23:19 GMT",max-age=31536000,none,,
home,video,W3028244200907015798682605369145,dg-slides.mp4,https://freight.cargo.site/t/original/i/W3028244200907015798682605369145/dg-slides.mp4,200,HEAD,video/mp4,575562,"""6a518e84-8c84a""","Sat, 11 Jul 2026 00:29:56 GMT",max-age=31536000,none,,
home,video,W3028308513949149028916421769017,Logo-symbol_Animation_EVIIVE-cargo-h264.mp4,https://freight.cargo.site/t/original/i/W3028308513949149028916421769017/Logo-symbol_Animation_EVIIVE-cargo-h264.mp4,200,HEAD,video/mp4,2416254,"""6a519b07-24de7e""","Sat, 11 Jul 2026 01:23:19 GMT",max-age=31536000,none,,
home,video,X3028308543445492802777994803001,OOH_Train-Station_Video-Slide-cargo-small-h264.mp4,https://freight.cargo.site/t/original/i/X3028308543445492802777994803001/OOH_Train-Station_Video-Slide-cargo-small-h264.mp4,200,HEAD,video/mp4,1237939,"""6a519b07-12e3b3""","Sat, 11 Jul 2026 01:23:19 GMT",max-age=31536000,none,,
who,image,A3033712492901311047143260731193,profile-cch-poster.jpg,https://freight.cargo.site/t/original/i/A3033712492901311047143260731193/profile-cch-poster.jpg,200,HEAD,image/jpeg,68699,"""6a5ea157-10c5b""","Mon, 20 Jul 2026 22:29:43 GMT",max-age=31536000,none,,
who,image,C3033703303563517008361575462713,profile-chy-poster.jpg,https://freight.cargo.site/t/original/i/C3033703303563517008361575462713/profile-chy-poster.jpg,200,HEAD,image/jpeg,58180,"""6a5ea157-e344""","Mon, 20 Jul 2026 22:29:43 GMT",max-age=31536000,none,,
who,video,M3033713145657796839429454214969,profile-cch.mp4,https://freight.cargo.site/t/original/i/M3033713145657796839429454214969/profile-cch.mp4,200,HEAD,video/mp4,450139,"""6a5613c4-6de5b""","Tue, 14 Jul 2026 10:47:32 GMT",max-age=31536000,none,,
who,video,W3033697092268086229249903081273,profile-chy.mp4,https://freight.cargo.site/t/original/i/W3033697092268086229249903081273/profile-chy.mp4,200,HEAD,video/mp4,434070,"""6a5613c4-69f96""","Tue, 14 Jul 2026 10:47:32 GMT",max-age=31536000,none,,
